{
	"11202": "JAI HIND VISMIL EDUCATION COLLEGE, AMBAH, MORENA",
	"11212": "NARAYANHARI SHIKSHA MAHAVIDYALAYA, DUTTAPURA, MORENA",
	"11220": "SHRI SHRI 108 BABA BALAK DAS SHIKSHA MAHAVIDHYALAYA, AMBAH ROAD PORSA, MORENA",
	"11222": "G.L.S. COLLEGE, JALONI, AMBAH, MORENA",
	"11225": "BABA BALAKDAS COLLEGE. GALETHA, MORENA",
	"11204": "SHREE SAI NATH SHIKSHA MAHAVIDYALAYA, SANJAY COLONY, MORENA",
	"11205": "SHRI VASUDEV BASIC TEACHER TRAINING INSTITUTE, UMMEDGARH BANSI, TEHSIL JAURA, MORENA",
	"11209": "SWAMI VIVEKANAND EDUCATION COLLEGE, VILLAGE & PO. RUPHATI, AMBAH, MORENA",
	"11234": "GENIUS COLLEGE OF EDUCATION, BADFARA, AMBAH, MORENA",
	"11101": "GOVT. DISTRICT INSTITUTE OF EDUCATION & TRAINING, MORENA",
	"11201": "JAI SHRI RAM JILA SHIKSHAN PRASHIKSHAN SANSTHAN, A. B.. ROAD, MORENA",
	"11218": "ACHARYA NARENDRA DEV COLLEGE, RITHHONIYA, KAILARAS, MORENA",
	"11231": "M.G.M. COLLEGE OF EDUCATION, CHHONDA, MORENA",
	"11245": "SHRI MATI KASTURI DEVI EDUCATION, COLLEGE, JOURA ROAD, JOURA KHURD, MORENA",
	"11206": "SHIVAM SHIKSHA MAHAVIDYALAYA, PORSA, MORENA",
	"11224": "SWAMI VIVEKANAND EDUCATION COLLEGE, AMBAH, MORENA",
	"11243": "MANYA COLLEGE OF EDUCATION, SR-2625 HALKA-47,48 GANJRAMPUR, MORENA",
	"11207": "A.D.S. COLLEGE, AMBAH, MORENA",
	"11230": "NARAYANA COLLEGE, ATARSUMA, MORENA",
	"11237": "D.R.SHIKSHA MAHAVIDHYALAY, 465/1/1 STREET NO.459 BADAFARA AMBAH MORENA",
	"11240": "C P S D.ED.COLLEGE , PLOT-3201/1 AMBAH, MORENA",
	"11208": "CHAMBAL VANSTHALY EDUCATION COLLEGE, GARIYA, PORSA, MORENA",
	"11227": "R.C.L. COLLEGE OF EDUCATION, NIWAJI KA PURA, PORSA , MORENA",
	"11228": "MANGAL MAHAVIDYALAYA, AMLIHEDA, PORSA, MORENA",
	"11238": "SHRI ARJUN SINGH SHIKSHA MAHAVIDYALAY, CHOCKWAN PURA THARA AMBAH, MORENA",
	"11217": "SHRI RAM D.ED. COLLEGE, BARRIER CHORAHA, MORENA",
	"11232": "G.L.S. COLLEGE, BANMORE, MORENA",
	"11233": "BAPU COLLEGE OF EDUCATION, LOHAGARH, BANMORE, MORENA",
	"11235": "INDIRA INSTITUTE OF PROFESSIONAL STUDIES, 640, SUNHARA, SABALGARH, MORENA",
	"11214": "GYANESH COLLEGE OF EDUCATION, M.S.ROAD, GOPAL PURA MORENA",
	"11229": "KESHAR EDUCATION ACADEMY D.EL.ED. COLLEGE, DHANETA ROAD, PORSA, MORENA",
	"11239": "SHRI BALAJI COLLEGE OF EDUCATION, PLOT-256 SENTHRA AHEER PORSA,MORENA",
	"11203": "D.D. SWAMI MAHAVIDHYALAY, A.B. ROAD, MORENA",
	"11219": "RADHA KRSIHNAN COLLEGE OF EDUCATION, MAHARAJPUR, KHANETA JOURA, MORENA",
	"11241": "CHAMBAL COLLEGE OF EDUCATION, PLOT 2352,7859 PACHPEDA DHARAMGARH, PORSA , MORENA",
	"11242": "P S T COLLAGE BADHPHARA AMBAH, MORENA",
	"11247": "TEERATHANKAR MAHAVEER SHIKSHA MAHAVIDYALAYA BAREH , AMBAH, MORENA",
	"11223": "MAA VAISHANVI COLLEGE, DHARMAGARH, PORSA, MORENA",
	"11226": "SHIVSHAKTI D.ED. COLLEGE, JOURA KHURD, MORENA",
	"11236": "SRI NARAYANA COLLEGE OF EDUCATION, SHIKSHA NAGAR, PORSA, MORENA",
	"11244": "BALDEV KRISHNA COLLEGE OF TEACHERS TRAINING, JAFRABAD, IMLIYA, JOURA, MORENA",
	"11211": "B.K. COLLEGE, JOURA, MORENA",
	"11213": "VIDHYA SHIKSHA MAHAVIDYALAYA, VIDHYA PURI, MORENA",
	"11216": "DAU HANUMANT SINGH EDUCATION ACADEMY, JOORA, MORENA",
	"11246": "G.P. SHIKSHA MAHAVIDHALAYA COLLEGE, SANKRA , KAIRA, MORENA",
	"11248": "N A S INTERNATIONAL SCHOOL , PORSA, MORENA",
	"11210": "MAA VIDHYA DEVI SHIKSHA MAHAVIDYALAYA, CHHONDA, MORENA",
	"11215": "ASHOKA D.S. COLLEGE,MORENA",
	"11221": "CHOUDHARY SHIKSHA MAHAVIDYALAY, MUDIYAKHERA, MORENA",
	"12202": "RAJIV GANDHI MEMORIAL COLLEGE, BARODA, SHEOPUR",
	"12204": "J M COLLEGE OF EDUCATION, PLOT-449 JAIDA, SHEOPUR",
	"12205": "BHOOMI COLLEGE OF EDUCATION, PANWADA, KARAHAL, SHEOPUR",
	"12207": "SALONI COLLEGE, SEHULA DHOBNI, VIJAYPUR, SHEOPUR",
	"12208": "LAKSHYA INSTITUTE OF EDUCATION, KARAHAL, SHEOPUR",
	"12209": "AYUSHRAJ COLLEGE OF EDUCATION, KARAHAL, SHEOPUR",
	"12210": "MAA SARASWATI SHIKSHA MAHAVIDYALAYA, GOHAR BIRPUR, SHEOPUR",
	"12211": "AMBIKA COLLEGE, VIJAYPUR , SHEOPUR",
	"12217": "GANESH EDUCATION COLLEGE, VIJAYPUR, SHEOPUR",
	"12206": "KUNO COLLEGE OF EDUCATION, BASED, KARAHAL , SHEOPUR",
	"12212": "KARAHAL EDUCATION COLLEGE , GOVARDHA KHURD KARAHAL, SHEOPUR",
	"12216": "PATHAN BABA COLLEGE, BANGRAUD, TEH-VIJAYPUR, SHEOPUR",
	"12203": "T M S INSTITUTE OF PROFESSIONAL STUDIES, PLOT 670 ICCHA PURA, SHEOPUR",
	"12214": "PRATAP COLLEGE OF EDUCATION, KILA ROAD BARODA , SHEOPUR",
	"12201": "SHEOPUR INSTITUTE OF PROFESSIONAL STUDIES ICCHAPURA, SHEOPUR",
	"12213": "GYANDEEP COLLEGE OF EDUCATION, BAGRAUD , VIJAYPUR, SHEOPUR",
	"12215": "SHRI SIDDHI VINAYAK COLLEGE OF EDUCATION,GASWANI, TEH- VIJAYPUR, SHEOPUR",
	"13101": "GOVT. DISTRICT INSTITUTE OF EDUCATION & TRAINING, BHIND",
	"13201": "ROSHANLAL DAIPURIA MAHAVIDYALAYA, SIRPURA, BHIND",
	"13203": "VIDYAWATI COLLEGE, B.T.I. ROAD, VIKRAM PURA, BHIND",
	"13204": "PATIRAM SHIVHARE COLLEGE, BHIND",
	"13207": "MRITYUNJAY MAHAVIDHYALAYA, KIRATHPURA BHIND",
	"13206": "SHRI RAMNATH SINGH MAHAVIDHYALYA, GORAMI BHIND",
	"13258": "KAHNAJI SHIKHA MAHAVIDYALAYA , PLOT-480 ETEHAR, BHIND",
	"13265": "ABVM COLLEGE OF EDUCATION, LAWAN (BADANPUR) ATER, BHIND",
	"13266": "FEROZ GANDHI GROUP OF COLLEGE DATAWALI, SURPURA , ATER ROAD BHIND",
	"13213": "K.S. COLLEGE, STREET NUMBER SEONDHA ROAD, MAU, BHIND",
	"13215": "SHRI RAWATPURA SARKAR COLLEGE OF EDUCATION, LAHAR, BHIND",
	"13216": "CHOWDHARI SHIV KUMAR SHARMA TEACHER INSTITUTION, PRITHVIPURA, BHIND",
	"13202": "SHRI BANKE BIHARI SHIKSHA PRASAR SAMITI, ATER ROAD BHIND",
	"13218": "CITY D.ED. COLLEGE , NEAR DAK BANGALOW, ATER ROAD, BHIND",
	"13225": "GALAV RISHI INSTITUTE OF EDUCATION, IKAHARA -TUDILA -GOHAD, MALANPUR, BHIND",
	"13228": "GYANWATI MAHAVIDYALAY, PITHANPURA, SYAWALI, BHIND",
	"13233": "BHAGAT UDAY SINGH SHIKSHA MAHAVIDYALAY, PACHERA PALI, MEHGAON, BHIND",
	"13236": "M.P. EDUCATION ACADEMY, JALPURA, ATER, BHIND",
	"13253": "SANT CHHAVIRAM DAS SHIKSHA MAHAVIDHYALAYA, AHROLI KALI , ATER, BHIND",
	"13224": "KRISHNA SHIKSHA COLLEGE, MAU, BHIND",
	"13227": "RAMHARSHAN VIDYA NIKETAN, LAHAR ROAD MORKUTI AKODA, BHIND",
	"13250": "OASIS IMPERIAL COLLEGE OF EDUCATION, DANG SARAKAR, GOHAD, BHIND",
	"13251": "SHARDA DEVI CHATURVEDI EDUCATION INSTITUTE, BHIND",
	"13252": "SUNDARNATH COLLEGE, JHANKARI, GOHAD, BHIND",
	"13254": "JAGAT GURU SHANKARACHARYA D.ED. COLLEGE, JAGRAM NAGAR, BHIND",
	"13223": "PANDIT DEENDAYAL MAHAVIDYALAYA, LADAMPURA GIJURRA, MEHGAON, BHIND",
	"13255": "SHRI CHHOTELAL SATYANARAYAN MAHAVIDHYALAYA, BAROHI, BHIND",
	"13256": "PANDIT DEEN DAYAL BHARADWAJ COLLEGE OF EDUCATION, PLOT-17 ATER ROAD BADPURA BHIND",
	"13248": "SWAMI VIVEKANAND COLLEGE OF EDUCATION. MACHAND MIHONA, BHIND",
	"13263": "PATIRAM SHIVHARE INSTITUTE OF TEACHER EDUCATION, PUR PIDORA, BHIND",
	"13264": "SANMATI SHIKSHA MAHAVIDYALAYA, BAJHAI, BHIND",
	"13231": "MAA KRISHNA TRAINING COLLEGE, HEBATPURA, BHIND",
	"13239": "PEACE COLLEGE OF EDUCATION, KANHARI MEHGAON, BHIND",
	"13240": "A.B.V.M. GROUP OF COLLEGE, BHIND",
	"13241": "VISHWANATH PRATAP SINGH COLLEGE OF EDUCATION, LAHAR, BHIND",
	"13242": "KANHAIYA SHIKSHA MAHAVIDYALAY, MAU, GOHAD, BHIND",
	"13205": "CHOUDHARY DILIP SINGH GIRLS COLLEGE, KILA ROAD, BAZARIA, BHIND",
	"13212": "SIDDHI VINAYAK COLLEGE, PLOT NO. 1445 CHARTHAR, MAANPURA, LAHAR ROAD, BHIND",
	"13219": "SWAMI VIVEKANAND COLLEGE, DIDI, BHIND",
	"13226": "RAVISHANKAR COLLEGE OF EDUCATION, BIJOURA LAHAR, BHIND",
	"13229": "CHOWDHARY RUSTAM SINGH TRAINING COLLEGE, DIDI, BHIND",
	"13234": "MAA TRIMUKHA TRAINING COLLEGE, KHARIPURA JORI (BRAHMAN), MEHGAON, BHIND",
	"13259": "M P T COLLEGE, PLOT 2002, STREET NO-1 GORMI, BHIND",
	"13221": "DAIPURIA COLLEGE, PACHERA ROAD, MEHGAON, BHIND",
	"13245": "RAMADHAR SINGH SHIKSHA MAHAVIDYALAY, NAYAGAON , BHIND",
	"13247": "RAVISHANKAR GLOBAL EDUCATION COLLEGE, RAWATPURA DHAM BHIJOURA, BHIND",
	"13260": "KAMAL SINGH EDUCATION COLLEGE, PLOT- 3173/1K MAU , BHIND",
	"13261": "SHRI BANKHANDESHWAR SHIKSHA MAHAVIDHYALAYA, BYPASS ROAD KIRATPURA, BHIND",
	"13262": "SHRI DHEER SINGH D EL ED COLLEGE, GORMI, BHIND",
	"13230": "KAMLESH MAHAVIDYALAY, RAIPURA, BHIND",
	"13232": "NATHURAM INSTITUTE OF EDUCATION AND MANAGEMENT, LADAMPURA, GIJURRA MEHGAON, BHIND",
	"13237": "PARSHURAM VIDYALAY, BIRKHADI, BHIND",
	"13238": "SHIVA SHIKSHA MAHAVIDYALAY, UMARI, BHIND",
	"13257": "LAL BAHADUR SHASTRI SHIKSHA MAHAVIDHYALAYA, PLOT 1554 MURLIPURA,PIPARI, BHIND",
	"13209": "RAMSWAROOP SHIKSHA MAHAVIDHYALAYA, MUDIYA KHEDA, BHIND",
	"13210": "SUN INSTITUTE OF TEACHERS EDUCATION, LAHAR BHIND",
	"13211": "SHRI SHANTI KISHORE SHIKSHA MAHAVIDYALAYA, BYPASS ROAD, BHIND",
	"13214": "VIDYAVAHINI SHIKSHA MAHAVIDYALAYA, BYPASS ROAD, YADUNATH NAGAR, BHIND",
	"13217": "MAA GAYATRI TRAINING COLLEGE, HEBATPURA, BHIND",
	"13220": "KALAVATI INSTITUTE OF PROFESSIONAL STUDY, ATER, BHIND",
	"13222": "MAA GIRJA DEVI TRAINING COLLEGE, BHIND",
	"13244": "M.M.D. COLLEGE, JAGANNATH PURA, MURLI KA PURA, BHIND",
	"13246": "SHRI RAWATPURA SARKAR INSTITUTE OF PROFESSIONAL STUDIES, RAWATPURA DHAM, BHIJOURA, LAHAR, BHIND",
	"13235": "KANHAIYA LAL MAHAVIDHYALAYA, DABOH, BHIND",
	"13243": "MAA GIRIJA DEVI TRAINING COLLEGE , JAMNA, BHIND",
	"13249": "SHRIRAM COLLEGE, B.T.I. ROAD, BHIND",
	"14214": "GWALIOR COLLEGE OF EDUCATION, BARUA NURABAD, GWALIOR",
	"14277": "C.R.M. INSTITUTE OF TEACHER EDUCATION, BARAUA, GWALIOR",
	"14325": "C.B.S. GROUP OF EDUCATION, MADANPURA, BHADROLI, GWALIOR",
	"14336": "V.K.S. EDUCATION TEACHER TRAINING CENTRE, RAI, BIJOLI , MORAR, GWALIOR",
	"14204": "SHRI VAISHNAV INSTITUTE OF TECHNOLGY & MANAGEMENT, NIRAWALI, BARUA, GWALIOR",
	"14212": "M.P.S. SHIKSHA MAHAVIDYALAYA, BARAUA, GWALIOR",
	"14288": "SAI BABA COLLEGE OF EDUCATION,. BARAUA , GWALIOR",
	"14257": "I.C. COLLEGE OF EDUCATION, BAHODAPUR, GWALIOR",
	"14300": "V.I.P.S. COLLEGE OF EDUCATION, BAROUA, GWALIOR",
	"14301": "VEDANT INSTITUTE OF PROFESSIONAL STUDIES, BAROUA, GWALIOR",
	"14309": "DEEKSHA PROFESSIONAL ACADEMY, BARAUA, GWALIOR",
	"14335": "VIJAYARAJE COLLEGE OF EDUCATION, TURARI, ANTRI, GWALIOR",
	"14342": "PRAKASH INSTITUTE OF PROFESSIONAL STUDIES, BARAUA NOORABAD, GWALOR",
	"14227": "D.V.S. MAHAVIDYALAYA, 48, SARASWATI NAGAR-1, GWALIOR",
	"14314": "RASHMI SHIKSHA MAHAVIDYALAY BARAUA, GWALIOR",
	"14317": "PRATAP INSTITUTE OF PROFESSIONAL STUDIES, BARAUA, GWALIOR",
	"14346": "R S INSTITUTE OF TEACHER EDUCATION, CHAKJHURI PURA SUSHERA,MADANPURA ROAD , MADAL-BHADROLI, GWALIOR",
	"14353": "SHINE COLLEGE OF EDUCATION, KULAITH , GWALIOR",
	"14274": "INDRAPRASHTH INSTITUTE OF TECHNOLOGY AND MANAGEMENT, GHATIGAON, GWALIOR",
	"14278": "RAMESH TEACHERS TRAINING INSTITUTE, TIGHRA ROAD, GWALIOR",
	"14297": "INSTITUTE OF PROFESSIONAL & TECHNICAL EDUCATION, PIPROLI, GWALIOR",
	"14259": "TEXAS EDUCATION COLLEGE, CHIRWAI ROAD LASHKAR, GWALIOR",
	"14267": "ABHIMANYU COLLEGE OF EDUCATION, SPRING KARKHANA SITHOLI RAILWAY STATION , JHANSI ROAD, GWALIOR",
	"14286": "RISHI GALAB SHIKSHA MAHAVIDYALAYA, DABRA , GWALIOR",
	"14248": "GAUTAM D.ED. COLLEGE, DABRA BHITARWAR ROAD, GWALIOR",
	"14271": "ARNEJA COLLEGE OF EDUCATION, LASHKAR, GWALIOR",
	"14295": "INDRAPRASTHA GROUP OF COLLEGE, GHENGOLI, GWALIOR",
	"14211": "S.R. COLLEGE OF EDUCATION, KHASRA 1436,HALKA-113 KHURERI-BADAGAON-MORAR, GWALIOR",
	"14281": "DEV NARAYAN TANSEN COLLEGE, SUMABALI, BEHAT, MORAR, GWALIOR",
	"14319": "BRILLIANT INSTITUTE OF PROFESSIONAL STUDIES, KHURERI, MORAR, GWALIOR",
	"14291": "RANI AVANTI BAI SHIKSHA MAHAVIDYALAYA, AKBARPUR KHALSA, GWALIOR",
	"14307": "SASHAKT INSTITUTE OF PROFESSIONAL STUDIES, KULETH, GWALIOR",
	"14318": "I.I.P.S. PANIHAR, GHATIGAON,GWALIOR",
	"14332": "MAA SHARDA COLLEGE OF EDUCATION, PANIHAR, GWALIOR",
	"14349": "SHRI RADHA VALLABH COLLEGE OF EDUCATION, RATWAI, MORAR, GWALIOR",
	"14221": "H.I.C.T. SHIKSHA MAHAVIDYALAYA, ADUPURA, DABRA ROAD, GWALIOR",
	"14222": "SHRI RAMNATH SINGH SHIKSHA MAHAVIDYALAYA, JHANSI ROAD, GWALIOR",
	"14231": "RAJIV GANDHI BASIC TRAINING INSTITUTE, RANIPURA GWALIOR",
	"14294": "KAMADGIRI SHIKSHA EVAM SAMAJIK SANSTHAN D.EL.ED. COLLEGE KEDARPUR, GWALIOR",
	"14348": "FIRDOS COLLEGE OF EDUCATION, KUELITH MOTIJHEEL, GWALIOR",
	"14101": "GOVT. DISTRICT INSTITUTE OF EDUCATION & TRAINING, GWALIOR",
	"14209": "BHARTIYA VIDYA MANDIR COLLEGE OF MANAGEMENT EDUCATION, THATIPUR, GWALIOR",
	"14296": "R.S. FOUNDATION COLLEGE OF EDUCATION, DAANG GUTHINA MAHARAJPURA, GWALIOR",
	"14305": "A.V.I.T. EDUCATION, KHERIA MODI, MORAR, GWALIOR",
	"14310": "SIYARAM COLLEGE, BIJULI ROAD, RATWAI, GWALIOR",
	"14316": "PRASHANT INSTITUTE OF PROFESSIONAL STUDIES, LAKSHMANGARH, GIRWAON, GWALIOR",
	"14340": "GYAN GANGA COLLEGE OF SCIENCE AND MANAGEMENT, PLOT-89 CHAKRAIPUR MORAR,GWALIOR",
	"14341": "NEW AMAR BHARTIYA MAHAVIDYALAY, DHANELI TIRAHA, BADAGAON, GWALIOR",
	"14260": "BHAGWATI INSTITUTE OF PROFESSIONAL STUDIES, KHURERI MORAR, GWALIOR",
	"14261": "HANUMANT SINGH INSTITUTE TEACHER EDUCATION, DHANELI BADAGAON, GWALIOR",
	"14275": "J.B. INSTITUTE OF TEACHER EDUCATION, ALKAPURI, MORAR GWALIOR",
	"14313": "SUMAN SHIKSHAN SANSTHAN, DHANELI, BADAGAON, GWALIOR",
	"14207": "INSTITUTE OF ALLIED SCIENCES & COMPUTER APPLICATION, JHANSI ROAD, GWALIOR",
	"14245": "BALAJI INSTITUTE OF PROFESSIONAL STUDIES, DABRA, GWALIOR",
	"14256": "ROYAL COLLEGE OF EDUCATION AND RESEARCH, JHANSI ROAD, GWALIOR",
	"14302": "J.B. INSTITUTE OF TEACHER TRAINING, KEDARPUR, SITHOULI, GWALIOR",
	"14338": "SHRI RAMRAJA TEACHER EDUCATION, PLOT 75/1 BAROUA SITHOLI, GWALIOR",
	"14201": "PRESTON COLLEGE, KHURERI BEDA GUNA ROAD MORAR, GWALIOR",
	"14247": "MAA SHARDA INSTITUTE OF TECHNICAL & TEACHER EDUCATION, WARD14 LAXMANGARH,BHIND ROAD, GWALIOR",
	"14252": "DELHI PUBLIC ACADEMY, B-5 DEENDAYAL NAGAR, GWALIOR",
	"14308": "KRISH SHIKSHA MAHAVIDHYALAY, KHASRA-1025 SUMBALI, BEHAT, MORAR, GWALIOR, M.P.",
	"14350": "UMARVIND COLLEGE, KHURERI, MORAR, GWALIOR",
	"14351": "SUNRISE INSTITUTE OF EDUCATION, DABKA GWALIOR",
	"14269": "ADARSH COLLEGE OF EDUCATION, BADAGAON MORAR, GWALIOR",
	"14345": "IDEAL COLLEGE, BARAUA - ITM COLLEGE GWALIOR",
	"14352": "GURUNANAK COLLEGE, KULAITH GWALIOR",
	"14205": "AMAR BHARTIYA MAHAVIDHYALAYA, DHANELI,BADA GOAN, GWALIOR",
	"14208": "SARWA DHARMA SHIKSHAK PRASHIKSHAN KENDRA, CHITORA ROAD BADAGAON, MORAR, GWALIOR",
	"14283": "VIDYAVATI COLLEGE, BARANPURA, CHITORA ROAD, GWALIOR",
	"14240": "SHITLA SHIKSHA MAHAVIDYALAYA, NEAR DAK BANGLA, DABRA, GWALIOR",
	"14298": "DREAM VALLEY COLLEGE, BHATKHEDI, SITHOULI, GWALIOR",
	"14337": "MAHARISHI VEDVYAS MAHAVIDYALAYA, JANGIRPUR PICHOR, GWALIOR",
	"14219": "GURUNANAK DEV COLLEGE OF EDUCATION, LASHKAR, GWALIOR",
	"14264": "CARE COLLEGE OF EDUCATION, SHRI KRISHNA NAGAR, SIKANDER KAMPOO, GWALIOR",
	"14322": "SHRIRAM COLLEGE, NAUGAD, GWALIOR",
	"14202": "SUBHASH CHANDRA BOSE COLLEGE, GOVINDPURI GWALIOR",
	"14206": "I.A.T.S. COLLEGE, MAHARAJPURA, GWALIOR",
	"14244": "SHRI SAINATH SHIKSHA MAHAVIDYALAYA, SURVEY NO. 552 PURUSANI THATHIPUR, GWALIOR",
	"14280": "IDEAL INSTITUTE OF EDUCATION, ALKAPURI NEAR NEW HIGH COURT ROAD, GWALIOR",
	"14224": "ANSH COLLEGE OF EDUCATION, SHIVPURI LINK PIPROLI ROAD KEDARPUR, GWALIOR",
	"14226": "SANT YOGI MANSINGH COLLEGE OF EDUCATION, GWALIOR",
	"14304": "S.S.B. COLLEGE OF EDUCATION, BARAUA, GWALIOR",
	"14306": "ABHISHEK INSTITUTE OF PROFESSIONAL STUDIES, PIPROLI, LASHKAR, GWALIOR",
	"14311": "K.S. EDUCATION COLEGE, PIPROLI, LASHKAR, GWALIOR",
	"14328": "JAIN INSTITUTE, LASHKAR, GWALIOR",
	"14333": "SHIKHA COLLEGE OF EDUCATION, PANIHAR, GWALIOR",
	"14347": "N Y COLLEGE OF EDUCATION, KARAHIA, BHITAWAR, GWALIOR",
	"14229": "SHRI VAISHNAV COLLEGE OF EDUCATION, A.B.ROAD NIRAWALI RAIRU, GWALIOR, M.P",
	"14279": "ADITYA COLLEGE OF TECH.SCIENCE AND EDUCATION, BARUA, GWALIOR",
	"14324": "C.S.M. COLLEGE OF EDUCATION, KULAITH, MOTIJHEEL, GWALIOR",
	"14234": "OM INSTITUTE OF TECHNICAL AND TEACHERS EDUCATION, LASHKAR, GWALIOR",
	"14242": "SARLA DEVI VIDYA MANDIR, BADA, A B BYPASS ROAD, GWALIOR",
	"14290": "G.R.COLLEGE FOR PROFESSIONAL STUDIES, BAROUA MOTI JHEEL, GWALIOR",
	"14320": "N.K. SOMANI COLLEGE, SIKRODA BADORI, GWALIOR",
	"14210": "RAJIV GANDHI VOCATIONAL EDUCATION & TRAINING COLLEGE, URVAI GATE, GWALIOR",
	"14225": "VANDE MATRAM COLLEGE OF EDUCATION, VINAY NAGAR, SECOTR-1, GWALIOR",
	"14251": "SEWAK SHRI RAM COLLEGE OF EDUCATION, RAIRU BYPASS ROAD BARAUA, GWALIOR",
	"14344": "MAHARANI AVANTI BAI SHIKSHA MAHAVIDHYALAYA, AKBARPUR KHALSA, JAMAHAR MOTI JHEEL ,GWALIOR",
	"14230": "BRIGHT COLLEGE OF EDUCATION, NEW KOTESHWAR COLONY, AAU KHANA, GWALIOR",
	"14254": "MISS SILL COLLEGE OF EDUCATION, RAIRU BYE PASS ROAD, BARAUA, GWALIOR",
	"14323": "VENUS PUBLIC EDUCATION SOCIETY, BAHODAPUR, GWALIOR",
	"14354": "S N COLLEGE OF EDUCATION CHAKJUGRU PURA, SUSHERA MADANPUR ROAD, BHADROLI, GWALIOR",
	"14258": "MAA KAILA DEVI COLLEGE OF EDUCATION, SHIVPURI LINK ROAD GWALIOR",
	"14285": "EKLAWYA THE COLLEGE OF EDUCATION, MOTI JHEEL, GWALIOR",
	"14327": "GURUKUL COLLEGE OF EDUCATION, TIGHRA ROAD, VILLAGE ODPURA, GWALIOR",
	"14329": "LORD COLLEGE OF EDUCATION, MAKODA,, TEKANPUR, DABRA, GWALIOR",
	"14236": "SARDAR GIAN SINGH MEMORIAL COLLEGE, BADA GAON, MORAR, GWALIOR",
	"14303": "MAHARAJ AGRASEN INSTITUTE OF MANAGEMENT AND SCIENCE, KHERIA MIRDHA, GIRGAON, GWALIOR",
	"14321": "BOSTON COLLEGE FOR PROFESSIONAL STUDIES, SIROUL, MORAR, GWALIOR",
	"14241": "GOPESH COLLEGE OF EDUCATION, VILL+PO -RATWAI, GWALIOR",
	"14250": "ST. JOHN COLLEGE OF EDUCATION, THATIPUR, GWALIOR",
	"14299": "NATIONAL EDUCATION COLLEGE, KEDARPUR PIPROLI ROAD, GWALIOR",
	"14232": "SUN INSTITUTE OF TEACHERS EDUCATION, DANG GUTHINA BARITHA, GWALIOR",
	"14237": "ARYAN COLLEGE OF EDUCATION, DHANELI, MORAR, GWALIOR",
	"14289": "CLARKSON INSTITUTE OF TEACHERS EDUCATION, MORAR, GWALIOR",
	"14331": "N.R.Y. GROUP OF EDUCATION, RAI CHITORA ROAD, MORAR CANTT, GWALIOR",
	"14343": "DHS EDUCATION ACADEMY, KHEIRIA MIRDHA GWALIOR",
	"14220": "VEENAVADINI TEACHERS TRAINING INSTITUTE, ANAND NAGAR, BHODAPUR, GWALIOR",
	"14238": "R.S.C. COLLEGE, GANDHI ROAD, GWALIOR",
	"14284": "ASTHA COLLEGE OF EDUCATION, GADAIPURA BIRLA NAGAR, GWALIOR",
	"14315": "HINDUSTAN COLLEGE OF EDUCATION, DABRA, GWALIOR",
	"14243": "INDIA INTERNATIONAL COLLEGE OF EDUCATION, CHANDRA NAGAR, RAVI NAGAR, GWALIOR",
	"14253": "K.B.M. COLLEGE OF EDUCATION, G V R FOUNDATION BAROUA NURABAD, GWALIOR",
	"14265": "PRASHI SHIKSHA MAHAVIDYALAYA, BARAUA, NURABAD, GWALIOR",
	"14276": "SHRI COLLEGE OF EDUCATION, BIRLA NAGAR, GWALIOR",
	"14282": "COLLEGE OF SCIENCE AND TECHNOLOGY, THATHIPURA, GWALIOR",
	"14287": "PARMAR INSTITUTE OF PROFESSIONAL STUDIES, BARAUA, NURABAD, GWALIOR",
	"14312": "SHRIRAM COLLEGE OF EDUCATION, BARAUA, GWALIOR",
	"14326": "SVITM TEACHERS EDUCATION, SADA BYPASS, NIRWALI, BARAUA, GWALIOR",
	"14330": "PARAMHANS COLLEGE OF EDUCATION, MAHARAJPURA, GWALIOR",
	"14203": "BHAGWAN SHRI JHULELAL SCIENCE COLLEGE, LASHKAR, GWALIOR",
	"14213": "NUSROL COLLEGE OF VOCATIONAL EDUCATION & TRAINING, PARAS VIHAR COLONY, GWALIOR",
	"14217": "NAGAJI INSTITUTE OF TEACHERS EDUCATION, SITHOLI, GWALIOR",
	"14235": "D.S. MEMORIAL COLLEGE OF EDUCATION, PLOT-56/9 BARRUA PICHORE JHANSI ROAD, GWALIOR",
	"14249": "JAIN COLLEGE, CHIRWAI LASHKAR, GWALIOR",
	"14266": "MADHAV SHIKSHA MAHAVIDYALAYA, LASKAR, GWALIOR",
	"14334": "VIKAS EDUCATION AND ENVIRONMENT ACADEMY, SHALUPURA, ITM SHITHOLI, GWALIOR",
	"15101": "GOVT. DISTRICT INSTITUTE OF EDUCATION & TRAINING, DATIA",
	"15201": "SHRI RAWATPURA SARKAR INSTITUTE OF SCIENCE AND EDUCATION, KALAPURAM, DAGRAI, JHANSI ROAD, DATIA",
	"15204": "RADHAKRISHNA COLLEGE, CHITWA, DATIA",
	"15205": "SHRI BIHARIJI MAHARAJ COLLEGE OF EDUCATION & SCIENCES, MUDIAN KUA, DATIA",
	"15202": "SHRI SWAMIJI MAHARAJ COLLEGE OF EDUCATION & SCIENCES, UNAO ROAD HAMIRPUR DAGRAI, DATIA",
	"15203": "SAINATH COLLEGE OF EDUCATION, BICHODHANA, BHANDER, DATIA",
	"15207": "RADHA KRISHNAN COLLEGE, PLOT-49,51,54 NH-7 CHITWA, DATIA",
	"15208": "RAAS J B COLLEGE FOR PROFESSIONAL STUDIES, JHANSI ROAD, DATIA",
	"15209": "JAI MAA PITAMBRA INSTITUTE OF EDUCATION, RAM NAGAR, DATIA",
	"15206": "N.S.MEMORIAL COLLEGE OF SCIENCE AND STUDIES, BHANDER, DATIA",
	"15210": "SAI KRIPA COLLEGE OF EDUCATION, INDERGARH SEONDHA ROAD, DATIA",
	"15212": "DEVI RATANGARH INSTITUTE OF EDUCATION, INDERGARH, DATIA",
	"15213": "LORD KRISHNA COLLEGE OF EDUCATION, HAMIRPUR, DATIA",
	"15214": "NAGAJI INSTITUTE OF TEACHERS EDUCATION, SEONDHA, DATIA",
	"15215": "RADHAKRISHNA MAHAVIDYALAY, INDERGARH, DATIA",
	"15216": "R.S. COLLEGE OF EDUCATION, DATIA ROAD, DATIA",
	"15217": "SADGURU COLLEGE OF EDUCATION, NETUAPURA INDERGARH, SEONDHA, DATIA",
	"15218": "NISHTHA COLLEGE OF EDUCATION, PACHARA, BADONI, DATIA",
	"15219": "R.K. MAHAVIDHYALAYA, INDERGARH SEONDHA, DATIA",
	"15221": "J.M.R.D EDUCATION COLLGEG, CHAROKHARA BHAGUAPURA SEONDHA, DATIA",
	"15222": "SHRI MAA BAGULAMUKHI COLLEGE OF EDUCATION, RAMDEVA INDERGARH, DATIA",
	"15224": "DR RADHAKRISHANAN MAHAVIDHYALAYA, CHAROKHARA BHAGUWAPURA, SEONDHA, DATIA",
	"15229": "SBS COLLEGE, NEAR ANGOORI BARAJ, DATIA",
	"15230": "ANJUMAN COLLEGE OF EDUCATION,PLOT 269-70 CHOROKHARA BHAGPURA, SEONDHA, DATIA",
	"15231": "KBH COLLEGE OF EDUCATION, CHAROKHRA , SEONDHA, DATIA",
	"15211": "SHRI SHANTI COLLEGE OF EDUCATION, DAGRAI, DATIA",
	"15225": "DR R K MAHAVIDHYALAYA , CHAROKHARA, BHAGUWAPURA, SEONDHA, DATIA",
	"15228": "SHRI SAI COLLEGE OF EDUCATION, RAMPUR BHAGUAPURA SEONDHA, DATIA",
	"15220": "BHARAT COLLEGE OF EDUCATION, KALA PAHAD, DATIA",
	"15223": "SHRI RAM RAJA SARKAR INSTITUTE OF EDUCATION, DAGRAI, LARAITA, DATIA",
	"15226": "GURUKUL COLLEGE OF EDUCATION, DATIA",
	"15227": "PITAMBARA COLLEGE OF EDUCATION, GWALIOR TO JHANSI ROAD SITAPUR, DATIA",
	"16101": "GOVT. DISTRICT INSTITUTE OF EDUCATION & TRAINING, SHIVPURI",
	"16201": "SWAMI VIVEKANAND COLLEGE OF PROFESSIONAL STUDIES, KANKAR, SHIVPURI",
	"16206": "SIDDHI VINAYAK COLLEGE, NARAYANPUR, NARWAR, SHIVPURI",
	"16207": "AMBIKA INSTITUTE OF TEACHERS EDUCATION, NOHRI KHURD, SHIVPURI",
	"16202": "MAHARSHI MAHAVIDYALAYA, POHHADI ROAD, SHIVPURI",
	"16203": "MAT COLLEGE OF EDUCATION, SATANWADA, SHIVPURI",
	"16204": "SPS ACADEMY COLLEGE OF EDUCATION, SHIVPURI",
	"16205": "KESHAV COLLEGE, NOHRI KALA, SHIVPURI",
	"16208": "ADARSH JEEVAN MAHAVIDHYALAYA, AMOL PATHA, KARERA, SHIVPURI",
	"16209": "MA SIDDHSWARI EDUCATION COLLEGE, KALAMAD BAIRAD ,POHRI, SHIVPURI",
	"16210": "SUNRISE COLLEGE OF EDUCATION,PLOT NO.75/1,76/1, A B ROAD , SATANWADA KHURD, SHIVPURI",
	"17208": "S N MEMORIAL EDUCATION COLLEGE, KHALSA BHURAKHEDI, BAMORI , GUNA",
	"17210": "SRIPS COLLEGE OF EDUCATION, BAMORI ROAD GRAM DUMELA BAMORI, GUNA",
	"17101": "GOVT. DISTRICT INSTITUTE OF EDUCATION & TRAINING, BAJRANG GARH GUNA",
	"17201": "GANDHI VOCATIONAL D ED COLLEGE, KUSHMODA, GUNA",
	"17202": "YUVA VYAVASAIK SHIKSHAN SANSTHAN, BEHIND RTO OFFICE BY PASS ROAD GUNA",
	"17203": "OMKAR COLLEGE OF PROFESSIONAL STUDIES, KALAMKAR COLONY, GUNA",
	"17204": "I.I.T.S. COLLEGE, HILAGNA NEAR CHINIAHARAN MANDIR, GUNA",
	"17206": "MALWA COLLEGE OF EDUCATION, SAGAR JAI SINGH PURA CHACHODA, GUNA",
	"17205": "RAMKRISHNA SHIKSHA MAHAVIDYALAYA, A.B. ROAD GUNA",
	"17207": "SONALI COLLEGE, GUNA",
	"17209": "HINDUPAT INSTITUTE OF TEACHER TRAINING, BADA BAGH RAGHOGARH,GUNA",
	"18203": "S.P.S. ACADEMY COLLEGE OF EDUCATION, ASHOKNAGAR",
	"18205": "CITY PUBLIC COLLEGE OF EDUCATION, SHADHORA MUHAL DHEHAR,SHADHORA, ASHOKNAGAR",
	"18206": "PRASHI SHIKSHA MAHAVIDYALAYA, CHAMRAI, BEELAKHRI MUGAWALI, ASHOK NAGAR",
	"18201": "YUVA VYAVASAIK SHIKSHA MAHAVIDYALAYA, BARKHEDI ROAD, ASHOK NAGAR",
	"18202": "SHRI KRISHNA COLLEGE OF EDUCATION, MUNGAWALI, ASHOKNAGAR",
	"18204": "URDESH SHIKSHA MAHAVIDHYALAYA, AKOLAN, BAHERIYA- ESAGARH, ASHOKNAGAR",
	"18207": "EXCELLENCY COLLEGE, BY PASS ROAD ANDAR ASHOKNAGAR",
	"21101": "GOVT. DISTRICT INSTITUTE OF EDUCATION & TRAINING, TIKAMGARH",
	"21203": "LATE SARDAR SINGH SMARITI D.ED. EDUCATION COLLEGE,MAMOUN PO-NARGUDA, TIKAMGARH",
	"21205": "S.R. COLLEGE OF SCIENCE & TECHNOLOGY, CHAKARPUR NIWARI TIKAMGARH",
	"21208": "JATASHANKAR SHIKSHA MAHAVIDYALAYA, NUTAN VIHAR COLNY, DONGA, TIKAMGARH",
	"21212": "SHRI KRISHNA SHIKSHA MAHAVIDYALAY, CHAKRAPUR, TIKAMGARH",
	"21213": "D.ED. KESHAV COLLEGE, DONGA NAYAKHEDA, TIKAMGARH",
	"21214": "SHRI JAGAT NARAYAN COLLEGE, JATARA, TIKAMGARH",
	"21215": "HOPE INSTITUTE OF TEACHER'S TRAINNING, AALAMPURA JHANSI ROAD TIKAMGARH",
	"21216": "ANGIRA COLLEGE OF EDUCATION, NIWARI BHATA , TIKAMGARH",
	"22101": "GOVT. DISTRICT INSTITUTE OF EDUCATION & TRAINING, NOUGAON CHHATARPUR",
	"22201": "BUNDELKHAND SHIKSHA MAHAVIDYALAYA, RAJMAHAL, CHHATARPUR",
	"22203": "SRAJAN MAHAVIDAYALA, LOUNDI, CHHATARPUR",
	"22205": "R.K. TEACHERS TRAINING INSTITUTE, LAUNDI, CHATARPUR",
	"22206": "J.J. INSTITUTE OF TEACHERS EDUCATION, PANNA ROAD, GATHEWARA CHATARPUR",
	"22207": "S.V.N. COLLEGE, CHHATARPUR",
	"22209": "RAMDEV MAHAVIDYALAY, SATAI ROAD, CHHATARPUR",
	"22224": "VIKAS SHIKSHA PRASAR SAMITI, CHANDRAPURA, CHHATARPUR",
	"22225": "SWAMI VIVEKANAND EDUCATIONAL COLLEGE, BAGOUTA, CHHATARPUR",
	"22227": "P D S TEACHERS TRAINING INSTITUTE, SATAI ROAD, CHHATARPUR",
	"22234": "S R COLLEGE PLOT-428 MAHOBA ROAD, HAMA, CHHATARPUR",
	"22235": "ANGEL COLLEGE PLOT-766 ST NO.- ANGEL KIDS, PALOTHA , CHHATARPUR",
	"22214": "JEEWAN JYOTI MAHAVIDYALAY, CHHATARPUR",
	"22216": "DR. S. RADHAKRISHNAN MAHAVIDYALAY, NEAR GREEN AVENUE COLONY, SATAI ROAD, CHHATARPUR",
	"22217": "S.P.D.N. TEACHER TRAINING INSTITUTE, NOWGAON, CHHATARPUR",
	"22218": "D.R.P. EDUCATION COLLEGE, CHHATARPUR",
	"22219": "S.B. COLLEGE, NOUGAON ROAD, MUBASI, CHHATARPUR",
	"22220": "MITTAL TEACHERS TRAINING COLLEGE, MAHOBA ROAD, NIWARI, CHHATARPUR",
	"22237": "CRYSTAL COLLEGE, SATAI ROAD GAURAHIYA , CHHATARPUR",
	"22210": "SWAMI SHANTA NANDJI SHIKSHAN SANSTHAN, CHANDLA ROAD, LOUNDI, CHHATARPUR",
	"22211": "LATE JAMUNAPRASAD NAYAK PRASAR SAMITI, MAHOBA ROAD, CHHATARPUR",
	"22212": "M.S. EDUCATION INSTITUTE SAMITI, GATHEORA BAJRANG NAGAR, CHHATARPUR",
	"22213": "MAA SHARDA EDUCATIONAL INSTITUTE, GATHEORA, CHHATARPUR",
	"22223": "CARE COLLEGE OF EDUCATION, SAHANIYA, CHHATARPUR",
	"22226": "VAB COLLEGE, CHHATARPUR",
	"22228": "S R D COLLEGE, SHANKAR GHARTHPURWA, CHHATARPUR",
	"22239": "J J COLLEGE OF EDUCATION, GATHEWRA, CHHATARPUR",
	"22242": "NOBEL COLLEGE, CHHATARPUR, M-P-",
	"22221": "SHRI R.S.M. COLLEGE OF EDUCATION, NUGAON, CHHATARPUR",
	"22222": "CRYSTAL TEACHER'S TRAINING INSTITUE, PLOT NO-337/1.338/1/1, MAIN ROAD, GURAIYA SATAI ROAD CHHATARPUR",
	"22241": "NOBEL COLLEGE, KARRI MAIN ROAD, RAJNAGAR, CHHATARPUR",
	"22229": "INSIGHT INSTITUTE OF EDUCATION, LAVKUSH NAGAR(LAUNDI) CHHATARPUR",
	"22230": "MAHARSHI DAYANAND SHIKSHA MAHAVIDYALAYA, MAHARAJPUR, CHHATARPUR",
	"22231": "SHRI HANUTSHRI COLLEGE PLOT 657 MAHOBA ROAD BARI, CHHATARPUR",
	"22232": "SHRI KRISHNA COLLEGE OF EDUCATION, KH-1378,1384,1385 ,SN-75 SAUNRA,T P NAGAR, NOWGONG ROAD, CHHATARPUR",
	"22233": "S K COLLEGE OF EDUCATION PLOT-202 MAIN ROAD KAIMAHA, HARPALPUR,NOWGONG, CHHATARPUR",
	"22236": "DIGITAL EDUCATION COLLEGE, PLOT-164 NH-75 GORGANY NOWGONG ROAD, CHHATARPUR",
	"22238": "A.P.S MAHAVIDHYALAYA, MAIN ROAD, BUDHOUR, CHATARPUR",
	"22243": "SIDDHI VINAYAK COLLEGE OF EDUCATION, SATAI ROAD BAGOUTA, CHHATARPUR",
	"23101": "GOVT. DISTRICT INSTITUTE OF EDUCATION & TRAINING, PANNA",
	"23201": "PANDIT B.D. MEMORIAL DED COLLEGE, AMAANGANJ PANNA",
	"23202": "VIDYASAGAR COLLEGE, DEVENDRA NAGAR, PANNA",
	"23203": "CHHATRASAL EDUCATION COLLEGE, BENISAGAR, PANNA",
	"23204": "RAJESHWARI MAHAVIDYALAYA, MADHOGANJ, AJAIGARH, PANNA",
	"23205": "SWAMI VIVEKANAND COLLEGE, BYPASS ROAD JANAKPUR, PANNA",
	"23206": "AADINATH ACADEMY, DEVENDRA NAGAR , PANNA",
	"24101": "GOVT. DISTRICT INSTITUTE OF EDUCATION & TRAINING, SAGAR",
	"24201": "SUNDERLAL SHRIVASTAVA MEMORIAL D.ED. COLLEGE, RAJAKHEDI SAGAR",
	"24202": "SWAMI VIVEKANAND MAHAVIDYALAYA, AMARMHOW, SHAHGADH SAGAR",
	"24203": "SWAMI VIVEKANAND MAHAVIDYALAYA, FRONT MAKRONIA , RAILWAY STATION, DINDAYAL NAGAR, SAGAR",
	"24204": "GYANVEER INSTITUTION OF MANAGEMENT AND SCIENCE COLLEGE, TILLI, SAGAR",
	"24205": "GYANODAYA COLLEGE OF EDUCATION, NEAR GYAN SAROVAR PETROL PUMP, SAGAR",
	"24206": "G.I.S. COLLEGE, PATHARIYA JAAT, SAGAR",
	"24208": "PT. BRIJKISHORE PATERIYA COLLEGE OF EDUCATION, MALTHAUN, SAGAR",
	"24209": "P.N.S. MEMORIAL D.ED. COLLEGE, MAKRONIYA SAGAR",
	"24210": "PT. B.D.MEMORIAL D.ED. COLLEGE, MAKRONIYA SAGAR",
	"24211": "COLLEGE OF EDUCATION D.ED., BILEHARA, SAGAR",
	"24212": "BLUE BELLS PARIVAR SHIKSHA SAMITI, BINA ROAD, KHURAI, SAGAR",
	"24213": "PT. BRIJ KISHORE PATERIA COLLEGE OF EDUCATION, DEORI, SAGAR",
	"24214": "RAJIV LOCHANACHARYA MAHAVIDAYALAYA, KHURAI, SAGAR",
	"24215": "S.L.S. COLLEGE OF EDUCATION, BADTUMA, MAKRONIA, SAGAR",
	"24216": "PRAKHAR PRAGYA SHIKSHA PRASAR EVAM SAMAJ KALYAN SAMITI, GAMBHIRIYA, MAKRONIYA",
	"24217": "MAITREE PROFESSIONAL COLLEGE, BILHARA, SAGAR",
	"24218": "BRAHMI COLLEGE OF EDUCATION, PATHARIA JAT, SAGAR",
	"24219": "GURUDEV COLLEGE , PIPAL KHEDI BINA, SAGAR",
	"24220": "MAHARANA PRATAP D.ED. COLLEGE ,PLOT 474/4 JAISINAGAR, SAGAR",
	"24221": "THAKUR FERAN SINGH EDUCATION COLLEGE, PLOT-182/2 SHAHPUR, SAGAR",
	"24222": "TH UVSM D.EL.ED COLLEGE, MADKHEDA,BILHARA, SAGAR",
	"24223": "GROUP INSTITUTION SOCIETY COLLEGE, SIRONJ, BIKA BAMHORI, SAGAR",
	"24224": "AADHYA MAHAVIDHALAYA, JHAGRI ROAD,BAMORI,GARAKOTA , SAGAR",
	"24225": "PANDIT MAHADEV MAHAVIDHYALAYA, MAIN ROAD KESHLI SAGAR",
	"25101": "GOVT. DISTRICT INSTITUTE OF EDUCATION & TRAINING, HATA, DAMOH",
	"25201": "OJASWINI COLLEGE PAR EXCELLENCE, MALAIYA MILL CAMPUS DAMOH",
	"25202": "TIMES COLLEGE OF EDUCATION, AAMCHOPRA, DAMOH",
	"25204": "OJASWANI COLLEGE OF EDUCATION, PLOT- 4/1,4 SAGAR ROAD HATHANA, DAMOH",
	"25205": "S.V.N.COLLEGE, PREMPURA , HATTA, DAMOH M.P.",
	"25206": "SHRI KRISHNA MAHAVIDHYALAYA, RASHILPUR, DAMOH",
	"25207": "KRISHNA MAHAVIDHYALAYA, MAIN ROAD RASEELPUR, DAMOH",
	"25208": "DR VIJAI LALL SMARITI MAHAVIDYALAYA",
	"31101": "GOVT. DISTRICT INSTITUTE OF EDUCATION & TRAINING, SATNA",
	"31201": "AASTHA MAHAVIDYALAY, NEAR MAA VAISHNAV MANDIR, DALI BABA, SATNA (M.P.)",
	"31203": "SHRI RAWATPURA SARKAR COLLEGE OF EDUCATION, SHRANGARWAN CHITRAKOOT, SATNA",
	"31204": "NATIONAL COLLEGE OF TEACHERS EDUCATION, MAHADEWA SHERGANJ, SATNA",
	"31205": "SHRI RAWATPURA SARKAR INSTITUTE OF PROFESSIONAL STUDIES, RAJOLA, MAJHGAWA, SATNA",
	"31206": "MANOJ JAIN MEMORIAL COLLEGE, PLOT-280 SHERGANJ, RAGHURAJNAGAR, SATNA",
	"31210": "VINDHYA COLLEGE OF EDUCATION, SHERGANG , AMODHA ,RAGHURAJ NAGAR, SATNA",
	"31211": "D.S. MAHAVIDHYALAYA, ST. JHONPA , RAMNAGAR, ARGAT , SATNA",
	"31212": "DHARMRAJESHWAR MAHAVIDHYALAYA, KEMAR , BELA , AMARPATAN, SATNA",
	"31213": "VAISHNAVI SHIKSHA MAHAVIDHYALAY, AGNGVARIYA, NAGAUD, SATNA",
	"31216": "BONANZA COLLEGE OF EDUCATION, BADHKAR, RAGHURAJNAGAR, SATNA",
	"31217": "RADHA KRISHNA MEERA CONVENT, RAMPUR CHOURASI RAGHURAJ NAGAR, SATNA",
	"31218": "MA SHARDA DEVI MAHAVIDYALAYA,, MAUHARI KATRA , AMARPATAN, SATNA",
	"31202": "VINDHYACHAL MAHAVIDYALAYA, JIGNA ARGAT,SATNA",
	"31207": "LATE UMA RAMAN PRATAP BHADUR SINGH MAHAVIDYALAY",
	"31208": "SHRI RAMA KRISHNA COLLEGE OF EDUCATION, KARHI, PAWAI SOHAVAL, RAGHURAJ NAGAR, SATNA",
	"31209": "ADITYA SHIKSHA PRASAR SANSTHAN, COLLEGE, MAHADEVA, SHERGANJ, SATNA",
	"31214": "M S M RUN BY SHREE RAM SITA SHIKSHA SEWA SANSTHAN, MAUHARI KATRA , AMARPRATAP, SATNA",
	"31215": "SHRI RAM COLLEGE,PARASIYA, SATNA",
	"31219": "RAVI SHANKAR COLLEGE OF EDUCATION, SATNA ROAD, CHITRAKOOT, MAJHGWA, SATNA",
	"31220": "MARUTI COLLEGE OF EDUCATION, MAHADEVA RAGHURAJ NAGAR, SATNA",
	"31221": "GURUKUL COLLEGE OF EDUCATION, MAHORIYA, AMARPATAN, SATNA",
	"31222": "INDRA SMARITI COLLEGE, KHARA-179/1KA/1, RAMNAGAR SATNA",
	"31223": "MAA SHARDA INSTITUTE OF PROFESSIONAL STUDIES, KAKRA KARHI, TALUKA-AMARPATAN,SATNA",
	"31224": "CHANDRASHEKHAR SHIKSHA MAHAVIDHYALAYA, MATEHNA, BAGHA, TEH- RAGHURAJNAGAR, SATNA",
	"32101": "GOVT. DISTRICT INSTITUTE OF EDUCATION & TRAINING, REWA",
	"32201": "SHRIYUT MAHAVIDYALAYA, GANGEO REWA",
	"32202": "T.D. D.ED. COLLEGE, INDIRA NAGAR, REWA",
	"32205": "REWANCHAL INSTITUTE OF EDUCATION AND TECHOLOGY, LALGAON CIRCLE GADH, GAGEON SIRMOR, REWA",
	"32206": "REWANCHAL EDUCATION COLLEGE, TILAK NAGAR, REWA",
	"32207": "GITA JYOTI B.ED. COLLEGE, KHASRA 42/3,43/3,NH-7 KITWARIYA, REWA",
	"32208": "PT RAM SUNDER SHUKLA SHIKSHA AND PRASHISHAN SANSTHAN, 356 PAHIDIYA RAURA RAIPUR KARCHULIYAN, REWA",
	"32209": "LATE- M.L. CHOURASIA B.ED. COLLEGE, KHAMHA, GURH, REWA",
	"32210": "DR. A.P.J. ABDULKALAM COLLEGE OF EDUCATION, PANTI GURH, REWA",
	"32211": "G K MEMORIAL COLLEGE OF EDUCATION, CHAKGHAT TEONTHAR, REWA",
	"32212": "SOHAGI COLLEGE OF EDUCATION,SOHAGI,TEONTHAR, REWA",
	"33101": "GOVT. DISTRICT INSTITUTE OF EDUCATION & TRAINING, SHAHDOL",
	"33201": "DR. C.P. TIWARI MEMORY COLLEGE, AMJHOR JAI SINGH NAGAR, SHAHDOL",
	"33202": "VINDHYA COLLEGE OF EDUCATION, KALYANPUR , BHUEIBANDH , SOHAGPUR, SHAHDOL",
	"33203": "SWAMI VIVEKANAND MAHAVIDYALAYA, KALYANPUR, SHAHDOL",
	"33204": "SIDDHI VINAYAK COLLEGE, JAGMAL BEOHARI, SHAHDOL",
	"34101": "GOVT. DISTRICT INSTITUTE OF EDUCATION & TRAINING, VIKAT GANJ, BANDHAVGARH, UMARIA",
	"35101": "GOVT. DISTRICT INSTITUTE OF EDUCATION & TRAINING, SIDHI",
	"35201": "SHRI GANESH EDUCATIONAL INSTITUTION, AMAHA, SIDHI",
	"35203": "SHIKSHA MAHAVIDYALAY, PANWAR, SIDHI",
	"35204": "KAMLA MEMORIAL COLLEGE OF EDUCATION, PADRA, SIDHI",
	"35205": "TATA COLLEGE, JAMODI KHURD PANWAR GOPAD BANAS, SIDHI",
	"37201": "A.V.P. D.ED. COLLEGE, GAHILGARH, VINDHYA NAGAR, SINGROLI",
	"41101": "GOVT. DISTRICT INSTITUTE OF EDUCATION & TRAINING, MANDSAUR",
	"41201": "JAIN EDUCATION COLLEGE, MANDSAUR",
	"41202": "DR R M S FOUNDATION, BHANPURA , MANDSAUR",
	"41203": "SARASWATI SHIKSHA MAHAVIDYALAYA, JAGGA KHEDI MANDSAUR",
	"41204": "ROYAL COLLEGE OF EDUCATION, BHAISODAMANDRI BHANPURA, MANDSAUR",
	"41205": "GYAN VIHAR COLLEGE OF EDUCTION,BHENSODA MANDI, BHANPURA, MANDSOUR",
	"41206": "ACHARYA RAJENDRA SURI SHIKSHA MAHAVIDYALAYA,, GURADIYA DEDA NEEMUCH ROAD, MANDSAUR",
	"42204": "R.B.S. INSTITUTE OF EDUCATION, KACHOULI, MHOW ROAD, NEEMUCH",
	"42205": "RAMCHANDRA MANGAL COLLEGE, BHATKHEDA, NEEMUCH",
	"42206": "MADHUSUDAN MAHAVIDYALAY, JAWI, NEEMUCH",
	"42101": "GOVT. DISTRICT INSTITUTE OF EDUCATION & TRAINING, NEEMUCH",
	"42201": "GYANODAY D.ED. COLLEGE,, KANAVATI NEEMUCH",
	"42202": "SHRI KRISHNA COLLEGE OF EDUCATION, JAVI, NEEMUCH",
	"42203": "SHIKHAR TEACHER TRAINING INSTITUTE, BHOLIYAWAS, NEEMUCH",
	"43101": "GOVT. DISTRICT INSTITUTE OF EDUCATION & TRAINING, PIPLODA RATLAM",
	"43202": "ROYAL INSTITUTE OF MANAGEMENT AND ADAVANCED STUDIES, SAVOY PALACE, MHOW ROAD, RATLAM",
	"43203": "SHAHEED NARENDRA SINGH COLLEGE OF EDUCATION, BANNA KHEDA ROAD JAORA, RATLAM",
	"43204": "SHRI SAI INSTITUTE OF TECHNOLOGY, JAORA ROAD RATLAM",
	"43205": "SHRI GURU HARIKISHAN COLLEGE OF EDUCATION, BARBAD, SAILANA ROAD, BANJALI, RATLAM",
	"44204": "SHRI RAJ RAJENDRA JAYANTSEN SURI COLLEGE OF EDUCATION, DEWAS ROAD, MANPURA, CHANDESRA, UJJAIN",
	"44101": "GOVT. DISTRICT INSTITUTE OF EDUCATION & TRAINING, UJJAIN",
	"44201": "GURU GOVIND SINGH TRI-CENTENARY EDUCATION SOCIETY MAHARAJA COLLEGE, DEWAS ROAD, UJJAIN",
	"44202": "VISHWA BHARTI INSTITUTE OF EDUCATION, B-5 MAHANANDA NAGAR, UJJAIN",
	"44203": "MEERA MAHAVIDYALAYA, PLOT NO. 05 UJJAIN-456010, M.P.",
	"44206": "NIRMLA COLLEGE OF EDUCATION, PREM NAGAR CHANDESSARY, DEWAS ROAD, UJJAIN",
	"44207": "PRASHANTI COLLEGE OF PROFESSIONAL STUDIES, GANGEDI, UJJAIN",
	"45101": "GOVT. DISTRICT INSTITUTE OF EDUCATION & TRAINING, SHAJAPUR",
	"45201": "MAHARISHI MAHAVIDHAYALAY, BERCHHA ROAD, SHAJAPUR",
	"45202": "SWARGIYA SRILAL SAXENA SMRATI MAHAVIDYALAYA, KISONI SHUJALPUR, SHAJAPUR",
	"45203": "SAHARA COLLEGE OF EDUCATION, KALAPIPAL MANDI, SHAJAPUR",
	"46101": "GOVT. DISTRICT INSTITUTE OF EDUCATION & TRAINING, DEWAS",
	"46201": "B C G SHIKSHA MAHAVIDHYALAY, DEWAS",
	"46202": "SARASWATI GYANPEETH SHIKSHA MAHAVIDHYALAY, DEWAS",
	"46203": "MAYA DEVI INSTITUTE OF ADVANCE EDUCATION, NAGUKHERI UJJAIN ROAD, DEWAS",
	"46204": "NEW ERA INSTITUTE FOR DIPLOMA IN EDUCATION, DEWAS",
	"46205": "GURU DROAN MAHAVIDYALAY, TONK KHURD, DEWAS",
	"46206": "MAULANA AZAD SHIKSHA MAHAVIDYALAYA, DEWAS",
	"47201": "BUDDHISAGAR COLLEGE,JAMLI, DADOD, AGARMALWA",
	"51206": "OM COLLEGE OF EDUCATION,RANAPUR, JHABUA",
	"51207": "SARDAR PATEL SCHOOL OF EDUCATION, RANAPUR, JHABUA",
	"51202": "INDORE MAHAVIDYALAYA, 33 THANDLA, JHABUA",
	"51203": "BAFNA COLLEGE, GRAM MEGHNAGAR TAHSIL MEGHNAGAR DIST JHABUA",
	"51204": "MAA TRIPURA COLLEGE OF EDUCATION, BILIDOJ , JHABUA",
	"51205": "PADMA COLLEGE OF EDUCATION, LOK CHINTAN, BADKUA, JHABUA",
	"52205": "L.S.A. COLLEGE, GRAVEL,JETPURA, DHAR",
	"52206": "MAA NARMADA COLLEGE OF EDUCATION, DHAMNOD, DHAR",
	"52207": "DHAR COLLEGE OF EDUCATION, GYANPURA, DHAR",
	"52208": "GURUKUL COLLEGE, GYANPURA DHAR",
	"52209": "ROSHAN COLLEGE OF EDUCATION, JETPURA ROAD DHAR",
	"52101": "GOVT. DISTRICT INSTITUTE OF EDUCATION & TRAINING, DHAR",
	"52201": "YASH COLLEGE OF EDUCATION, BADNAWAR, DHAR",
	"52202": "NAVRATNA COLLEGE OF EDUCATION, RAJGARH, SARDARPUR, DHAR",
	"52203": "SHRI NITYANAND COLLEGE, MAIN ROAD GYANPURA,TIRLA, DHAR",
	"52204": "GYAN SHIKSHA MAHAVIDHYALAYA, ,MANDU ROAD,.DELMI, DHAR",
	"53202": "PRIYADARSHINI MAHAVIDYALAYA, ANNAPURNA MAIN ROAD INDORE",
	"53221": "VICTORIA COLLEGE OF EDUCATION, KHANDWA ROAD, INDORE",
	"53238": "ASPIRE INSTITUTE, KHANDWA ROAD, INDORE",
	"53101": "GOVT. DISTRICT INSTITUTE OF EDUCATION & TRAINING, BIJALPUR INDORE",
	"53211": "AISECT COLLEGE , COMP-FEEDERS TAKNIKI, PRASHIKSHAN SANSTHAN, 3 GUMASTA NAGAR, INDORE",
	"53227": "AKSHYAY ACADEMY COLLEGE OF EDUCATION, KHASGI KA BAGICHA, INDORE",
	"53237": "SHRI JAIN SHWETAMBER PROFESSIONAL ACADEMY, NAINOD, INDORE",
	"53205": "MATUSHRI AHILYADEVI TEACHERS TRAINING INSTITUTE, SULAKHEDI (MANGLIYA) KADWALI BUJURG,INDORE",
	"53214": "BAL NIKETAN SANGH, 62, PAGNIS PAGA INDORE",
	"53223": "SHRI SAIBABA COLLEGE OF TEACHERS TRAINING, FUTI KHOTI, INDORE",
	"53239": "JAI NURSING COLLEGE OF EDUCATION, KHSRA 150/1, JAMBUDI HAPSI, HATOD, INDORE,M.P.",
	"53207": "TAGORE SHIKSHA MAHAVIDYALAYA, GANJI COMPOUND, INDORE",
	"53210": "INDORE GLORIOUS EDUCATION COLLEGE, MALVIYA NAGAR, INDORE",
	"53212": "PARIJAT COLLEGE, AMBAMOLIYA, DUDHIYA, INDORE",
	"53215": "GYANODAYA MAHAVIDYALAYA, F- SECTOR, M.I.G. COLONY, INDORE",
	"53228": "JANHIT COLLEGE OF EDUCATION, NEMAWAR, INDORE",
	"53230": "GYAN VIGYAN KRIDA VIKAS SANSTHA, GARIPIPLIYA, INDORE",
	"53209": "M.B. KHALSA OF EDUCATION COLLEGE, RAJ MOHALLA , INDORE",
	"53216": "ARIHANT COLLEGE, KHANDWA ROAD, INDORE",
	"53220": "SHIVA COLLEGE OF EDUCATION, GARIPIPLIA , INDORE",
	"53217": "PRAGYA COLLEGE, BHICHOLI MARDANA , INDORE",
	"53231": "AKSHAY ACADEMY , KHASGI KA BAGICHA,NANOD, INDORE",
	"53232": "SHREE YASHWANT SINGH B.ED. COLLEGE, DATODA, MHOW, INDORE",
	"53235": "CAMBRIDGE INTERNATIONAL COLLEGE, NANOD KILA ROAD, INDORE",
	"53219": "SHIVKUMAR SINGH COLLEGE OF PROFESSIONAL STUDIES, ANNAPURNA ROAD, INDORE",
	"53225": "LIBERAL COLLEGE OF EDUCATION, RAU,TEH- MHOW, INDORE",
	"53234": "OXFORD INTERNATIONAL COLLEGE, RAJA BAG COLONY KUSHWAHA NAGAR MAIN ROAD, INDORE",
	"53218": "SHRI JAIN DIWAKAR MAHAVIDYALAYA, NEW PALASIA, INDORE",
	"53226": "WOMAN MONTESSARY PREPRIMARY TRAINING INSTITUTION, RAMBAG, INDORE",
	"53233": "NEW ERA COLLEGE, MANDLESHWAR ROAD KODRIYA MHOW, INDORE",
	"53206": "VIDHYASAGAR COLLEGE, BHICHOLI-MARDANA, INDORE",
	"53222": "SHRI VAISHNAV COLLEGE OF TEACHER'S TRAINING, JAWAHAR ROAD, INDORE",
	"53236": "COMP FEEDERS TAKNIKI PRASHIKSHAN SANSTHA , RANGWASA, INDORE",
	"54101": "GOVT. DISTRICT INSTITUTE OF EDUCATION & TRAINING, KHARGONE",
	"54201": "GULAB BAI YADAV D.ED. SHIKSHA SANSTHAN, BORAWAN, KHARGONE",
	"54203": "DEVI RUKMANI SHIKSHA TRAINING INSTITUTE, GRAM PANCHAYAT, SANGHWI, KHRGONE",
	"54202": "SHRI KANWARTARA INSTITUTE FOR TEACHERS TRAINING, MARDANIA, KHARGONE",
	"54204": "UMIYA KANYA SHIKSHA MAHAVIDYALYA, MANDLESHWAR, KHARGONE",
	"54205": "AACHARYA SHRIRAM BAMANGAON D.ED. COLLEGE, BAMANGAON , SANAWAD, KHARGONE",
	"55101": "GOVT. DISTRICT INSTITUTE OF EDUCATION & TRAINING BARWANI",
	"55201": "SWAMI VIVEKANAND SHIKSHA MAHAVIDYALAYA, SENDHWA, BARWANI",
	"55202": "SENDHWA SHARIRIK SHIKSHA SANSTHAN, CHATLI, TEH- NIWALI, BARWANI",
	"55203": "THE GENEIUS PUBLIC SCHOOL OF EDUCATION, NIWALI, BARWANI",
	"55204": "YOGESHWAR SHIKSHA MAHAVIDYALAYA, PIPLAJ , BARWANI",
	"55205": "SARDAR PATEL SCHOOL OF EDUCATION, NIWALI ROAD, SILDAD ,CHATLI, TALUKA, SENDHWA ,BARWANI",
	"55206": "SAI ACADEMY, RANGOAN, BARWANI ROAD, THIKARI RANGOAN, BARWANI",
	"56101": "GOVT. DISTRICT INSTITUTE OF EDUCATION & TRAINING, KHANDWA",
	"56201": "CHRISTIAN MAHILA BASIC TRAINING INSTITUTE, KHANDWA",
	"56202": "ST. PAUL COLLEGE OF EDUCATION & TEACHERS TRAINING, BHANDARIA ROAD, KHANDWA",
	"56203": "POONAMCHAND GUPTA VOCATIONAL COLLEGE, KHANDWA",
	"56204": "HAJRA MEMORIAL COLLEGE, MALHARGARH, KHALWA KHANDWA",
	"57202": "SHRI SAI BABA SHIKSHA SAMITI, KHAKNAR, BUHANPUR",
	"57203": "ZAKIR HUSSAIN TEACHERS TRAINING INSTITUTE, BURHANPUR",
	"57204": "MAULANA AZAD D.ED. COLLEGE, AZAD NAGAR BURHANPUR",
	"57205": "PROF BRIJMOHAN MISHRA INSTITUTE OF MEDICAL AND TECHNICAL SCIENCES, JHIRI, BURHANPUR",
	"57206": "SEWA SADAN SHIKSHA MAHAVIDHYALAYA, AMAGIRD, BURHANPUR",
	"58101": "GOVT. DISTRICT INSTITUTE OF EDUCATION & TRAINING, ALIRAJPUR",
	"61101": "GOVT. DISTRICT INSTITUTE OF EDUCATION & TRAINING, RAJGARH",
	"61201": "CHRIST COLLEGE, BIAORA, RAJGARH",
	"61202": "PRAGYA SAGAR ACADEMY, PACHORE, RAJGARH",
	"61203": "NIRVIDHYA MAHAVIDHYALAY,NH-12, KATARIA KHEDI, BIAORA, RAJGARH",
	"61204": "SARDAR PATEL SHIKSHA MAHAVIDHYALAYA, BIGNODIPURA , SARANGPUR, RAJGARH",
	"61205": "ADARSH SHIKSHA MAHAVIDYALAYA, PLOT-1,2 SURVEY -53/1.55/1 SOYAT KHURD TO MODI ROAD , RAMGARH, ZEERAPUR, RAJGARH",
	"61206": "UMARVIND COLLEGE, KHEJDIYA, JIRAPURA, RAJGARH",
	"62101": "GOVT. DISTRICT INSTITUTE OF EDUCATION & TRAINING, VIDISHA",
	"62201": "JAWAHARLAL NEHRU SMRITI MAHAVIDYALAYA, GANJBASODA, VIDISHA",
	"62203": "SHRI DWARKA PRASAD YADAV SHIKSHA MAHAVIDYALAYA, SIRONJ VIDISHA",
	"62206": "BHAVINI COLLEGE, DHOL KHEDI, VIDISHA",
	"62207": "K.D.B.M. COLLEGE, SIRONJ, VIDISHA",
	"62208": "AZAD COLLEGE OF EDUCATION, CHOURAWAR GHAMAKHAR, GANJBASODA, VIDISHA",
	"62209": "MAULANA AZAD D.EL.ED. COLLEGE, GULHARKHEDI TAHSIL GULABGANJ DIST VIDISHA",
	"62202": "LATE REKHANDAS JAIN MEMORIAL EDUCATION SOCIETY, 48 GURUDEV SHRI VIDYA SAGAR MAHAVIDYALAYA, VIDISA",
	"62205": "J.P.B. COLLEGE OF TEACHERS EDUCATION, SANKALKHEDA KALA, VIDISHA",
	"62204": "THE GRANTHAM COLLEGE OF EDUCATION, SANCHI ROAD, VIDISHA",
	"62210": "MOHI COLLEGE OF EDUCATION, VIDISHA ROAD, VIDISHA",
	"63202": "TAKSHSHILA COLLEGE, JHIRNIYA,PARWALIYA ROAD, BHOPAL",
	"63205": "JOHRI PROFESSIONAL COLLEGE, C-61,INDRAPURI, BHOPAL",
	"63247": "ABHILASHA COLLEGE OF EDUCATION, RATIBAD, BHOPAL",
	"63248": "SARDAR AJEET SINGH MEMORIAL COLLEGE, ADAMPUR CHAWNI RAISEN ROAD, BHOPAL",
	"63250": "PARAKH COLLEGE OF EDUCATION, KHARPA, JHAGARIYA, BHOPAL",
	"63251": "S.G.S. COLLEGE OF EDUCATION, HINOTIYA AALAM KOLAR ROAD HUZUR, BHOPAL",
	"63252": "VIDHIK SHAIKSHANIK SANSTHAN, BARKHERA NATHU HUZUR, BHOPAL",
	"63253": "INTELLICON COLLEGE OF PROFESSIONAL STUDIES, KHARPA, JHAGARIYA KHURD, BHOPAL",
	"63215": "MADAN MAHARAJ COLLEGE, BEHIND GALLA MANDI, BHANPUR, BHOPAL",
	"63217": "P.B.G.M. COLLEGE, JAHANGIRABAD BHOPAL",
	"63219": "VIKRAMADITYA COLLEGE, ZONE-II M P NAGAR BHOPAL",
	"63220": "GURUKUL COLLEGE OF EDUCATION, AMLA SARWA , AMLA SARWA , SAMSPURA. SURAJNAGAR BHADBHADA ROAD, HUZUR, BHOPAL",
	"63225": "SAVIOUR COLLEGE,, E-9 EXTENSION, PALLAVI NAGAR, BAWADIYAN KALAN, BHOPAL, M.P.",
	"63226": "SHRI RADHAKRISHAN COLLEGE OF EDUCATION, KODIYA, TILAKHEDI RATIBAD SIKANDRABAD ROAD, BHOPAL",
	"63227": "MADAN MAHARAJ COLLEGE, BHANPUR, BHOPAL",
	"63228": "VEDICA COLLEGE OF EDUCATION, GANDHI NAGAR, HUZUR, BHOPAL",
	"63229": "BHOJ MAHAVIDHYALAYA, 81 AKASH NAGAR, KOTRA SULTANABAD, BHOPAL",
	"63235": "A.D.S. GROUP OF COLLEGE, KH-343,345 PARWALIYA SADAK, HUZUR, BHOPAL",
	"63236": "TIRUPATI BALAJI PUBLIC SCHOOL, BY PASS ROAD AYODHYA NAGAR, BHOPAL",
	"63237": "GREEN VALLEY COLLEGE OF EDUCATION, SARAVADHARM C SECTOR, BANJARI KOLAR ROAD BHOPAL",
	"63238": "GANDHI P.R. COLLEGE, D/1 DANISH NAGAR HOSHANGABAD ROAD, BHOPAL",
	"63239": "S.V. COLLEGE OF EDUCATION, KAILASH NAGAR, C.T.O. BAIRAGARH, BHOPAL",
	"63241": "SHREE INSTITUTE OF TEACHERS EDUCATION, GONDERMAU, GANDHI NAGAR, BHOPAL",
	"63208": "TEERATH INSTITUTE, DEEPDI, BANGRASIA, BHOPAL",
	"63210": "VNS COLLEGE OF PHYSICAL EDUCATION & MANAGEMENT STUDIES,VIDYA VIHAR, BERKHEDA NATHU, BHOPAL",
	"63211": "AKHIL BHARTIYA SHIKSHA AVAM PRASHIKSHAN MAHAVIDYALAYA,KHARPA RATIWAR HUZUR BHOPAL",
	"63212": "ANAND INSTITUTE OF MANAGMENT, NEELBAD BERKHEDA NATHU, HUJUR , BHOPAL",
	"63214": "SHRI RAM COLLEGE, NEHRU NAGAR BHOPAL",
	"63222": "INDIRA PRIYADARSHINI COLLEGE, V.I.P. ROAD KHANUGAON, BHOPAL",
	"63223": "SWAMI VIVEKANAND SHIKSHA SANSTHAN, VAISALI NAGAR KOTRA SULTANABAD, BHOPAL",
	"63224": "I.E.S. COLLEGE OF EDUCATION, 33, KALKHEDA (FANDA) , RATIBAD ROAD , BHOPAL",
	"63246": "MANSAROVAR COLLEGE, OPPOSITE BIMA KUNJ, KOLAR ROAD BHOPAL",
	"63201": "RAJEEV GANDHI COLLEGE, E-8 TRILANGA COLONY SHAHPURA, BHOPAL",
	"63204": "BHOPAL DEGREE COLLEGE, 393, ASHOK VIHAR ASHOKA GARDEN, BHOPAL",
	"63206": "MALHOTRA COLLEGE, KAROND M L NAGAR HUZUR, BHOPAL",
	"63209": "KAMALNATH COLLEGE OF EDUCATION, 468/9A, SAKET NAGAR BHOPAL",
	"63221": "ANAND VIHAR COLLEGE FOR WOMEN, TULSINAGAR , BHOPAL",
	"63230": "BHABHA COLLEGE OF EDUCATION, JATKHEDI, HOSHANGABAD ROAD, BHOPAL",
	"63261": "A.S.E. COLLEGE OF EDUCATION, NANDANI ,RATIBAD, HUZUR, BHOPAL",
	"63263": "SWAMI DAYANAND SARASWATI SHIKSHA MAHAVIDYALAYA, BHOURI, HUZUR,BHOPAL",
	"63213": "VICTORIA COLLEGE OF EDUCATION, NAYAPURA BHOPAL",
	"63234": "A.E.S.COLLEGE OF EDUCATION, RATANPUR NEAR L B S COLLEGE MISROD, BHOPAL",
	"63245": "NEW HEIGHT INSTITUTE OF EDUCATION, CHATAIPURA, BUDHWARA ROAD, BHOPAL",
	"63249": "CHOUHAN COLLEGE OF EDUCATION, KHASARA NO. 128, SUNKHEDI, KOLAR , BHOPAL",
	"63257": "BONNIE FOI COLLEGE, NARELA SHANKARI AYODHYA BY PASS, BHOPAL",
	"63231": "MILLENIUM EDUCATION DEVELOPMENT SOCIETY, NATHU BARKHEDA NEELBAR CHOURAHA, BHOPAL",
	"63254": "PARASHAR MAHAVIDYALAY, KALAKHEDI TUMDA, BHOPAL",
	"63256": "KOLAR SHIKSHA MAHAVIDYALAY, KOLAR ROAD BANJARI, BHOPAL",
	"63258": "BAGULA MUKHI COLLEGE OF EDUCATION, MUGALIYA KOT ISHLAM NAGAR, BHOPAL",
	"63259": "S.R.C. , THUAKHEDA, KOLAR ROAD, BHOPAL",
	"63260": "JAWAHAR LAL NEHRU COLLEGE OF EDUCATION, MUGALIYAHAT, FANDA, BHOPAL",
	"63262": "ALL SAINTS COLLEGE, PIPALNER, GANDHINAGAR, BHOPAL",
	"63101": "GOVT. DISTRICT INSTITUTE OF EDUCATION & TRAINING, BHOPAL",
	"63242": "SHRI VENKATESHWARA INSTITUTE OF EDUCATION, HINOTIYA AALAM FANDA, BHOPAL",
	"63244": "VEENA VADINI COLLEGE OF EDUCATION, E-4/84, ARERA COLONY, BHOPAL",
	"63265": "SURABHI COLLEGE OF EDUCATION, GADHMURRA, SANCHI ROAD VIDISHA ,TEH- HUZUR BHOPAL",
	"64101": "GOVT. DISTRICT INSTITUTE OF EDUCATION & TRAINING, SEHORE",
	"64201": "KALAWATI SMRITI COLLEGE, AWADHPURI COLONY, SEHORE",
	"64204": "AMBITION COLLEGE OF EDUCATION, SONKACHCHHA, SHYAMPUR, , SEHORE",
	"64203": "RAI SAHAB BHANWAR SINGH COLLEGE, RALA, TAH- NASRULLAGANJ SEHORE",
	"64207": "M.A. COLLEGE OF EDUCATION, CHAINPURA , KHEDLI , BHILKISHGANJ , SEHORE",
	"64210": "VICTORIA COLLEGE OF EDUCATION , BARKHEDI, SEHORE ROAD, SEHORE",
	"64202": "SWAMI VIVEKANAND COLLEGE OF PROFESSIONAL STUDIES, AWADHPURI COLONY, SEHORE",
	"64205": "M.R.C. COLLEGE OF EDUCATION, SHYAMPUR, SEHORE",
	"64206": "SUSHILA TEACHERS TRAINING INSTITUTE, BAGER, ASHTA, SEHORE",
	"64208": "S.S. COLLEGE OF EDUCATION, CHAINPURA , KHEDLI , BHILKISHGANJ , SEHORE",
	"64209": "MAGNUS COLLEGE OF EDUCATION, CHANDPURA , TRILANGA ,BILKISGANJ, SEHORE",
	"65101": "GOVT. DISTRICT INSTITUTE OF EDUCATION & TRAINING, RAISEN",
	"65201": "RAJEEV GANDHI COLLEGE OF EDUCATION, SANCHI ROAD, RAISEN",
	"65205": "PRESIDENCY COLLEGEPLOT, YASHWANT NAGAR, RAISEN",
	"65202": "D.C.A.B. COLLEGE, BISHEN KHERA,GOHARGANJ, OBEDULLAGANJ, RAISEN",
	"65203": "ARYABHATT COLLEGE OF TECHNOLOGY AND SCIENCE, BAMHORI, BASODA, UDAIPURA, RAISEN",
	"65204": "PRINCETON COLLEGE, CHANPUR ROAD, BARELI, RAISEN",
	"65207": "SARVE AASTHA COLLEGE, SULTANGANJ, BEGUMGANJ, RAISEN",
	"65206": "SHYAMA DEVI COLLEGE OF EDUCATION, MAIN ROAD MAHGAWN RAISEN",
	"65208": "S P COLLEGE OF EDUCATION, GUDAVAL GOHARGANJ, RAISEN",
	"66101": "GOVT. DISTRICT INSTITUTE OF EDUCATION & TRAINING, PRABHATPATTAN BETUL",
	"66201": "BHIMRAO RAMRAO AMBEDKAR COLLEGE OF EDUCATION, JAMTHI, BETUL",
	"66202": "INDIRA GANDHI B.ED. MAHAVIDYALAYA, SHOBHAPUR COLONY,SARNI BETUL",
	"66203": "SHRI GANESH B.ED. COLLEGE, MANDVI, ATHNER, BETUL",
	"66204": "N.R. INSTITUTE D.ED. COLLEGE, MANDVI, ATHNER, BETUL",
	"66205": "H.L. AGRAWAL COLLEGE OF EDUCATION, UDADAN , BETUL",
	"66206": "MULTAPI MAHAVIDHYALAYA, BETUL ROAD, PARMANDAL , MULTAI , BETUL",
	"66207": "NANDKISHORE SINGH PATEL MEMORIAL EDUCATION TRAINING INSTITUTE, BETUL",
	"66208": "RAJA BHOJ SHIKSHA MAHAVIDHYALAYA, JAMTHI, BETUL",
	"67101": "GOVT. DISTRICT INSTITUTE OF EDUCATION & TRAINING, PACHMADHI, HOSHANGABAD",
	"67203": "H.L. AGARWAL COLLEGE OF EDUCATION, SARAFA BAJAR, ITARSI",
	"67205": "MAA NARMADA MAHAVIDYALAYA, GONCHI TARONDA ROAD, MEHARGAON ITARSI, HOSHANGABAD",
	"67206": "EVERGREEN EDUCATION SOCIETY COLLEGE, KIWLARI SOHAGPUR,HOSHANGABAD",
	"67201": "N.E.S. COLLEGE OF EDUCATION, NEAR S.N.G. SCHOOL, HOSHANGABAD",
	"67202": "VARDHAMAN COLLEGE, HOSHANGABAD, ITARSI",
	"67204": "S.D.A.M. COLLEGE, BURHANPURA, SEONI, HOSHANGABAD",
	"67207": "SHREE GAJANN SHIKSHA SAMITI COLLEGE, KEWARI SOHAGPUR, HOSHANGABAD",
	"68201": "LAL BAHADUR SHASTRI VYASAYIK ADHYAPAN MAHAVIDYALAYA, HARDA",
	"71101": "GOVT. DISTRICT INSTITUTE OF EDUCATION & TRAINING, JABALPUR",
	"71201": "AYODHYA PRASAD NARMADA UCHCHATAR MAHAVIDYALAYA, SADAR, CANT. JABALPUR",
	"71203": "LAXMIBAI SAHU COLLEGE, BENIKHEDA PATAN ROAD AGHASAUD, PATAN, JABALPUR",
	"71204": "VIJAYASHRI EDUCATION INSTITUTE, ASHA(RAINGWA), JABALPUR",
	"71205": "NAWAMBEY COLLEGE OF EDUCATION, 52,RAMNAGAR ADHARTAL, JABALPUR",
	"71206": "BHAWANI PRASAD SHUKLA MAHAVIDYALAYA, NH-7 ROAD SIHORA, JABALPUR",
	"71207": "DR. RADHAKRISHNAN COLLEGE OF EDUCATION, KARMETA, JABALPUR",
	"71208": "PRAGYA BAL UTTHAN SAMITI, KATANGI, PATAN, JABALPUR",
	"71214": "ST. ALOYSIUS INSTITUTE OF TECHNOLOGY, GOURAIYA GHAR MANDLA ROAD, JABALPUR",
	"71202": "JABALPUR PUBLIC COLLEGE, PLOT-445,446/2, KARMETA, BALDEOBAGH, JABALPUR",
	"71209": "SAI D.ED. COLLEGE, ADHARTAAL, JABALPUR",
	"71210": "CENTRE FOR HIGHER STUDIES ELEMENTARY TEACHER EDUCATION D.ED. COLLEGE, SALIWADA, JABALPUR",
	"71211": "SHRI SWAMI VIVEKANAND IDEAL TRAINING COLLEGE, DHANWANTI NAGAR, GARHA, JABALPUR",
	"71212": "SHREE BRAHMANAND SARASWATI COLLEGE OF EDUCATION, BASHA, GRAHA, JABALPUR",
	"71213": "GLOBAL INSTITUTE OF EDUCATION, KHASARA-148, RAIGAWA, PANAGAR, JABALPUR",
	"72101": "GOVT. DISTRICT INSTITUTE OF EDUCATION & TRAINING, KHIRANHI, KATNI",
	"72201": "VARDHMAN SHIKSHA MAHAVIDYALAYA, WARD NO 14, KATNI",
	"72202": "BARDOLI COLLEGE, AZAD CHOK GATAR GHAT ROAD, KATNI",
	"72203": "SILICOBYTE KATNI DEGREE COLLEGE OF PROFESSIONAL STUDIES,KATNI",
	"72204": "TAVITE B.ED. TRAINING COLLEGE, PIPRONDH NIWAR, KATNI",
	"72205": "SILICOBYTE KATNI DEGREE COLLEGE GYANTEERTH, KATANGI KURD, MAIN ROAD PAHARI, KATNI",
	"72206": "NALANDA SCIENCE & COMMERCE COLLEGE, JAHINJHARI, KATNI",
	"72207": "SAINATH INSTITUTIONS, MURAWAL GHUGHARA VAYA,TEH- RITHI KATNI",
	"73101": "GOVT. DISTRICT INSTITUTE OF EDUCATION & TRAINING, NARSINGHPUR",
	"73201": "S.S.N.M.I.M.T. COLLEGE, NARSINGHPUR, JAIL , POLICE LINE KE SAMNE, STATION ROAD, NARSINGHPUR",
	"73202": "S.P.N. MAHAVIDYALAYA, KHERI NAKA ROAD, NARSINGHPUR",
	"73203": "PARAMHANS MAHAVIDHYALAYA, NARSINGHPUR",
	"74101": "GOVT. DISTRICT INSTITUTE OF EDUCATION & TRAINING, MANDLA",
	"74102": "GOVT. DISTRICT INSTITUTE OF EDUCATION & TRAINING, SIJHOURA MANDLA",
	"74201": "VINDHYA SHIKSHA SAMITI COLLEGE, KHAIREE, MANDLA",
	"74202": "MAA REWATI COLLEGE OF EDUCATION, KHAIRI MANDLA",
	"75101": "GOVT. DISTRICT INSTITUTE FOR EDUCATION AND TRANING, RANHAGI, DINDORI",
	"75201": "MEKALSUTA COLLEGE, PLOT 34 WARD-1 DINDORI",
	"76101": "GOVT. DISTRICT INSTITUTE OF EDUCATION & TRAINING, CHHINDWADA",
	"76201": "REWANATH SHIKSHA MAHAVIDHYALAYA, SOUNSAR, CHHINDWARA",
	"76202": "RAMSHANTI COLLEGE OF HIGHER EDUCATION, PARDI ROAD, PANDHURNA, CHHINDWARA",
	"76203": "LITTLE STEP COLLEGE OF EDUCATION, BORGAON, SAUSAR, CHHINDWARA",
	"76204": "BADAL BHOI MAHAVIDYALAYA, BHEEMSEN, PARASIA, CHHINDWARA",
	"76205": "SHRI BALAJI SHIKSHAN MAHAVIDHYALAYA, SARASWADA BORIA, CHHINDWARA",
	"76206": "S S COLLEGE OF COMPUTER AND PROFESSIONAL, PLOT-11/3 , SONAKHAR, CHHINDWARA",
	"76207": "SHRI COLLEGE OF EDUCATION, WALI, SAUSAR, CHHINDWARA",
	"77201": "NEW SEONI COLLEGE OF EDUCATION, LUDHARWARA SEONI",
	"77202": "D.P. CHATURVEDI SCIENCE, COMMERCE, ARTS & EDUCATION, COLLEGE, BARAPATTHAR, SEONI",
	"77204": "ACM COLLEGE OF EDUCATION, SEERDIWAN ,SEONI",
	"77205": "S.S.C. EDUCATION COLLEGE, DORLI CHHATARPUR, SEONI",
	"77206": "NIRMLA DEVI DEGREE COLLEGE, KANHARGAON(JAAM), SEONI",
	"77207": "BALAJI INSTITUTE OF SCIENCE AND TECHNOLOGY, MAIN ROAD, BARGHAAT, SEONI",
	"77209": "SHIVAM COLLEGE, KATANGI ROAD VILL- SUKTARA BAMHANDEHI, SEONI",
	"77101": "GOVT. DISTRICT INSTITUTE OF EDUCATION & TRAINING, KEOLARI, SEONI",
	"77203": "F.L. SOLANKI MEMORIAL COLLEGE OF EDUCATION, KHAIRA PALARI KEOLARI, SEONI",
	"77208": "M.M.T. COLLEGE OF EDUCATIONPLOT NO. 01, STREET NO. 02, DOKARRANGI, BAGLI ,KEOLARI, SEONI M.P. 480661",
	"77210": "VIVEKANAND KANYA MAHAVIDYALAYA, KHURSARA , KEWLARI, SEONI",
	"78101": "GOVT. DISTRICT INSTITUTE OF EDUCATION & TRAINING, BALAGHAT",
	"78201": "SATPURA D. ED COLLEGE, SEONI ROAD MANJHAPUR,KANAKI LALBURRA, BALAGHAT",
	"78202": "VIVEK JYOTI D.ED. COLLEGE, SURABHI NAGAR BALAGHAT",
	"78203": "SHIVAM COLLEGE, WARD NO-11 KATANGI, BALAGHAT",
	"78205": "SHAKTI VIDHYA MANDIR EDUCATION & TRAINING INSTITUTE, WARD NO- 5, KATANGI, BALAGHAT",
	"78206": "ORIENTAL B.ED. COLLEGE, LALBURRA, BALAGHAT",
	"78208": "VIVEKANAND EDUCATION SOCIETY, KATANGI, BALAGHAT",
	"78209": "BALAGHAT SNATAK COLLEGE, MANJHAPUR, GARRA, LALBURRA, BALAGHAT",
	"78210": "PALI ACADEMIC INSTITUTION, BISONI ,LANJHI , BALAGHAT",
	"78211": "SHAKTI VIDHYA MANDIR EDUCATION AND TRAINING INSTITUTE, KATANGI, BALAGHAT"
}
