{
    "directories": {
        "output": "release/"
    },
    "files": [
        "main.js",
        "app/",
        "dist/",
        "node_modules/",
        "!**/*.ts",
        "!**/*.map",
        "!package.json",
        "!package-lock.json",
        "!**/node_modules/*/{CHANGELOG.md,README.md,README,readme.md,readme}",
        "!**/node_modules/*/{test,__tests__,tests,powered-test,example,examples}",
        "!**/node_modules/*.d.ts",
        "!**/node_modules/.bin",
        {
            "from": "../dist",
            "filter": [
                "**/*"
            ]
        }
    ],
    "extraFiles": [
        "cli",
        "icon_educerts.ico"
    ],
    "win": {
        "icon": "dist/assets/icons/icon_educerts.ico",
        "artifactName": "${productName}-app_${version}.${ext}",
        "target": [
            "nsis"
        ]
    },
    "nsis": {
        "installerIcon": "dist/assets/icons/icon_educerts.ico",
        "runAfterFinish": false
    },
    "publish": [
        {
            "provider": "generic",
            "url": "https://docker-v2-qa-pdfgenerator.s3.ap-south-1.amazonaws.com/"
        }
    ]
}
