{
    "marks": {
        "10th": {
            "private": {
                "100": {
                    "SUBJECT_NAME": "MATHEMATICS",
                    "MAX_TOTAL_S": "100",
                    "MAX_TH_S": "100",
                    "MIN_TH_S": "33",
                    "MAX_INP_S": 0,
                    "MIN_INP_S": 0
                },
                "161": {
                    "SUBJECT_NAME": "MUSIC",
                    "MAX_TOTAL_S": "100",
                    "MAX_TH_S": "25",
                    "MIN_TH_S": "08",
                    "MAX_INP_S": "75",
                    "MIN_INP_S": "25"
                },
                "162": {
                    "SUBJECT_NAME": "PAINTING",
                    "MAX_TOTAL_S": "100",
                    "MAX_TH_S": "100",
                    "MIN_TH_S": "33",
                    "MAX_INP_S": 0,
                    "MIN_INP_S": 0
                },
                "163": {
                    "SUBJECT_NAME": "GAYAN VADAN",
                    "MAX_TOTAL_S": "100",
                    "MAX_TH_S": "25",
                    "MIN_TH_S": "08",
                    "MAX_INP_S": "75",
                    "MIN_INP_S": "25"
                },
                "164": {
                    "SUBJECT_NAME": "TABLA PAKHAWWAJ",
                    "MAX_TOTAL_S": "100",
                    "MAX_TH_S": "25",
                    "MIN_TH_S": "08",
                    "MAX_INP_S": "75",
                    "MIN_INP_S": "25"
                },
                "165": {
                    "SUBJECT_NAME": "COMPUTER",
                    "MAX_TOTAL_S": "100",
                    "MAX_TH_S": "75",
                    "MIN_TH_S": "25",
                    "MAX_INP_S": "25",
                    "MIN_INP_S": "08"
                },
                "200": {
                    "SUBJECT_NAME": "SCIENCE",
                    "MAX_TOTAL_S": "100",
                    "MAX_TH_S": "75",
                    "MIN_TH_S": "25",
                    "MAX_INP_S": "25",
                    "MIN_INP_S": "08"
                },
                "300": {
                    "SUBJECT_NAME": "SOCIAL SCIENCE",
                    "MAX_TOTAL_S": "100",
                    "MAX_TH_S": "100",
                    "MIN_TH_S": "33",
                    "MAX_INP_S": 0,
                    "MIN_INP_S": 0
                },
                "401": {
                    "SUBJECT_NAME": "HINDI",
                    "MAX_TOTAL_S": "100",
                    "MAX_TH_S": "100",
                    "MIN_TH_S": "33",
                    "MAX_INP_S": 0,
                    "MIN_INP_S": 0
                },
                "411": {
                    "SUBJECT_NAME": "ENGLISH",
                    "MAX_TOTAL_S": "100",
                    "MAX_TH_S": "100",
                    "MIN_TH_S": "33",
                    "MAX_INP_S": 0,
                    "MIN_INP_S": 0
                },
                "502": {
                    "SUBJECT_NAME": "MARATHI",
                    "MAX_TOTAL_S": "100",
                    "MAX_TH_S": "100",
                    "MIN_TH_S": "33",
                    "MAX_INP_S": 0,
                    "MIN_INP_S": 0
                },
                "504": {
                    "SUBJECT_NAME": "GUJRATI",
                    "MAX_TOTAL_S": "100",
                    "MAX_TH_S": "100",
                    "MIN_TH_S": "33",
                    "MAX_INP_S": 0,
                    "MIN_INP_S": 0
                },
                "507": {
                    "SUBJECT_NAME": "PUNJABI",
                    "MAX_TOTAL_S": "100",
                    "MAX_TH_S": "100",
                    "MIN_TH_S": "33",
                    "MAX_INP_S": 0,
                    "MIN_INP_S": 0
                },
                "508": {
                    "SUBJECT_NAME": "URDU",
                    "MAX_TOTAL_S": "100",
                    "MAX_TH_S": "100",
                    "MIN_TH_S": "33",
                    "MAX_INP_S": 0,
                    "MIN_INP_S": 0
                },
                "509": {
                    "SUBJECT_NAME": "SINDHI",
                    "MAX_TOTAL_S": "100",
                    "MAX_TH_S": "100",
                    "MIN_TH_S": "33",
                    "MAX_INP_S": 0,
                    "MIN_INP_S": 0
                },
                "512": {
                    "SUBJECT_NAME": "SANSKRIT",
                    "MAX_TOTAL_S": "100",
                    "MAX_TH_S": "100",
                    "MIN_TH_S": "33",
                    "MAX_INP_S": 0,
                    "MIN_INP_S": 0
                },
                "863": {
                    "SUBJECT_NAME": "I.T. & ITES (L1-2)",
                    "MAX_TOTAL_S": "100",
                    "MAX_TH_S": "40",
                    "MIN_TH_S": "13",
                    "MAX_INP_S": "60",
                    "MIN_INP_S": "20"
                },
                "864": {
                    "SUBJECT_NAME": "PRIVATE SECURITY (L1-2)",
                    "MAX_TOTAL_S": "100",
                    "MAX_TH_S": "40",
                    "MIN_TH_S": "13",
                    "MAX_INP_S": "60",
                    "MIN_INP_S": "20"
                },
                "865": {
                    "SUBJECT_NAME": "BEAUTY & WELLNESS (L1-2)",
                    "MAX_TOTAL_S": "100",
                    "MAX_TH_S": "40",
                    "MIN_TH_S": "13",
                    "MAX_INP_S": "60",
                    "MIN_INP_S": "20"
                },
                "867": {
                    "SUBJECT_NAME": "ELECTRONICS AND HARDWARE (L1-2)",
                    "MAX_TOTAL_S": "100",
                    "MAX_TH_S": "40",
                    "MIN_TH_S": "13",
                    "MAX_INP_S": "60",
                    "MIN_INP_S": "20"
                },
                "870": {
                    "SUBJECT_NAME": "RETAIL (L1-2)",
                    "MAX_TOTAL_S": "100",
                    "MAX_TH_S": "40",
                    "MIN_TH_S": "13",
                    "MAX_INP_S": "60",
                    "MIN_INP_S": "20"
                },
                "872": {
                    "SUBJECT_NAME": "APPARELS MADE UPS & HOME FURNISHING (L1-2)",
                    "MAX_TOTAL_S": "100",
                    "MAX_TH_S": "40",
                    "MIN_TH_S": "13",
                    "MAX_INP_S": "60",
                    "MIN_INP_S": "20"
                },
                "873": {
                    "SUBJECT_NAME": "AGRICULTURE (L1-2)",
                    "MAX_TOTAL_S": "100",
                    "MAX_TH_S": "40",
                    "MIN_TH_S": "13",
                    "MAX_INP_S": "60",
                    "MIN_INP_S": "20"
                },
                "874": {
                    "SUBJECT_NAME": "PLUMBRING (L1-2)",
                    "MAX_TOTAL_S": "100",
                    "MAX_TH_S": "40",
                    "MIN_TH_S": "13",
                    "MAX_INP_S": "60",
                    "MIN_INP_S": "20"
                },
                "875": {
                    "SUBJECT_NAME": "AUTOMOTIVE (L1-2)",
                    "MAX_TOTAL_S": "100",
                    "MAX_TH_S": "40",
                    "MIN_TH_S": "13",
                    "MAX_INP_S": "60",
                    "MIN_INP_S": "20"
                }
            },
            "regular": {
                "100": {
                    "SUBJECT_NAME": "MATHEMATICS",
                    "MAX_TOTAL_S": "100",
                    "MAX_TH_S": "75",
                    "MIN_TH_S": "25",
                    "MAX_INP_S": "25",
                    "MIN_INP_S": "08"
                },
                "161": {
                    "SUBJECT_NAME": "MUSIC",
                    "MAX_TOTAL_S": "100",
                    "MAX_TH_S": "25",
                    "MIN_TH_S": "08",
                    "MAX_INP_S": "75",
                    "MIN_INP_S": "25"
                },
                "162": {
                    "SUBJECT_NAME": "PAINTING",
                    "MAX_TOTAL_S": "100",
                    "MAX_TH_S": "100",
                    "MIN_TH_S": "33",
                    "MAX_INP_S": 0,
                    "MIN_INP_S": 0
                },
                "163": {
                    "SUBJECT_NAME": "GAYAN VADAN",
                    "MAX_TOTAL_S": "100",
                    "MAX_TH_S": "25",
                    "MIN_TH_S": "08",
                    "MAX_INP_S": "75",
                    "MIN_INP_S": "25"
                },
                "164": {
                    "SUBJECT_NAME": "TABLA PAKHAWWAJ",
                    "MAX_TOTAL_S": "100",
                    "MAX_TH_S": "25",
                    "MIN_TH_S": "08",
                    "MAX_INP_S": "75",
                    "MIN_INP_S": "25"
                },
                "165": {
                    "SUBJECT_NAME": "COMPUTER",
                    "MAX_TOTAL_S": "100",
                    "MAX_TH_S": "75",
                    "MIN_TH_S": "25",
                    "MAX_INP_S": "25",
                    "MIN_INP_S": "08"
                },
                "200": {
                    "SUBJECT_NAME": "SCIENCE",
                    "MAX_TOTAL_S": "100",
                    "MAX_TH_S": "75",
                    "MIN_TH_S": "25",
                    "MAX_INP_S": "25",
                    "MIN_INP_S": "08"
                },
                "300": {
                    "SUBJECT_NAME": "SOCIAL SCIENCE",
                    "MAX_TOTAL_S": "100",
                    "MAX_TH_S": "75",
                    "MIN_TH_S": "25",
                    "MAX_INP_S": "25",
                    "MIN_INP_S": "08"
                },
                "401": {
                    "SUBJECT_NAME": "HINDI",
                    "MAX_TOTAL_S": "100",
                    "MAX_TH_S": "75",
                    "MIN_TH_S": "25",
                    "MAX_INP_S": "25",
                    "MIN_INP_S": "08"
                },
                "411": {
                    "SUBJECT_NAME": "ENGLISH",
                    "MAX_TOTAL_S": "100",
                    "MAX_TH_S": "75",
                    "MIN_TH_S": "25",
                    "MAX_INP_S": "25",
                    "MIN_INP_S": "08"
                },
                "502": {
                    "SUBJECT_NAME": "MARATHI",
                    "MAX_TOTAL_S": "100",
                    "MAX_TH_S": "75",
                    "MIN_TH_S": "25",
                    "MAX_INP_S": "25",
                    "MIN_INP_S": "08"
                },
                "504": {
                    "SUBJECT_NAME": "GUJRATI",
                    "MAX_TOTAL_S": "100",
                    "MAX_TH_S": "75",
                    "MIN_TH_S": "25",
                    "MAX_INP_S": "25",
                    "MIN_INP_S": "08"
                },
                "507": {
                    "SUBJECT_NAME": "PUNJABI",
                    "MAX_TOTAL_S": "100",
                    "MAX_TH_S": "75",
                    "MIN_TH_S": "25",
                    "MAX_INP_S": "25",
                    "MIN_INP_S": "08"
                },
                "508": {
                    "SUBJECT_NAME": "URDU",
                    "MAX_TOTAL_S": "100",
                    "MAX_TH_S": "75",
                    "MIN_TH_S": "25",
                    "MAX_INP_S": "25",
                    "MIN_INP_S": "08"
                },
                "509": {
                    "SUBJECT_NAME": "SINDHI",
                    "MAX_TOTAL_S": "100",
                    "MAX_TH_S": "75",
                    "MIN_TH_S": "25",
                    "MAX_INP_S": "25",
                    "MIN_INP_S": "08"
                },
                "512": {
                    "SUBJECT_NAME": "SANSKRIT",
                    "MAX_TOTAL_S": "100",
                    "MAX_TH_S": "75",
                    "MIN_TH_S": "25",
                    "MAX_INP_S": "25",
                    "MIN_INP_S": "08"
                },
                "863": {
                    "SUBJECT_NAME": "I.T. & ITES (L1-2)",
                    "MAX_TOTAL_S": "100",
                    "MAX_TH_S": "40",
                    "MIN_TH_S": "13",
                    "MAX_INP_S": "60",
                    "MIN_INP_S": "20"
                },
                "864": {
                    "SUBJECT_NAME": "PRIVATE SECURITY (L1-2)",
                    "MAX_TOTAL_S": "100",
                    "MAX_TH_S": "40",
                    "MIN_TH_S": "13",
                    "MAX_INP_S": "60",
                    "MIN_INP_S": "20"
                },
                "865": {
                    "SUBJECT_NAME": "BEAUTY & WELLNESS (L1-2)",
                    "MAX_TOTAL_S": "100",
                    "MAX_TH_S": "40",
                    "MIN_TH_S": "13",
                    "MAX_INP_S": "60",
                    "MIN_INP_S": "20"
                },
                "867": {
                    "SUBJECT_NAME": "ELECTRONICS AND HARDWARE (L1-2)",
                    "MAX_TOTAL_S": "100",
                    "MAX_TH_S": "40",
                    "MIN_TH_S": "13",
                    "MAX_INP_S": "60",
                    "MIN_INP_S": "20"
                },
                "870": {
                    "SUBJECT_NAME": "RETAIL (L1-2)",
                    "MAX_TOTAL_S": "100",
                    "MAX_TH_S": "40",
                    "MIN_TH_S": "13",
                    "MAX_INP_S": "60",
                    "MIN_INP_S": "20"
                },
                "872": {
                    "SUBJECT_NAME": "APPARELS MADE UPS & HOME FURNISHING (L1-2)",
                    "MAX_TOTAL_S": "100",
                    "MAX_TH_S": "40",
                    "MIN_TH_S": "13",
                    "MAX_INP_S": "60",
                    "MIN_INP_S": "20"
                },
                "873": {
                    "SUBJECT_NAME": "AGRICULTURE (L1-2)",
                    "MAX_TOTAL_S": "100",
                    "MAX_TH_S": "40",
                    "MIN_TH_S": "13",
                    "MAX_INP_S": "60",
                    "MIN_INP_S": "20"
                },
                "874": {
                    "SUBJECT_NAME": "PLUMBING (L1-2)",
                    "MAX_TOTAL_S": "100",
                    "MAX_TH_S": "40",
                    "MIN_TH_S": "13",
                    "MAX_INP_S": "60",
                    "MIN_INP_S": "20"
                },
                "875": {
                    "SUBJECT_NAME": "AUTOMOTIVE (L1-2)",
                    "MAX_TOTAL_S": "100",
                    "MAX_TH_S": "40",
                    "MIN_TH_S": "13",
                    "MAX_INP_S": "60",
                    "MIN_INP_S": "20"
                }
            }
        },
        "12th": {
            "private": {
                "110": {
                    "SUBJECT_NAME": "HISTORY",
                    "MAX_TH_S": 100,
                    "MIN_TH_S": 33,
                    "MAX_TOTAL_S": 100,
                    "MAX_INP_S": 0,
                    "MIN_INP_S": 0
                },
                "120": {
                    "SUBJECT_NAME": "GEOGRAPHY",
                    "MAX_TH_S": 70,
                    "MIN_TH_S": 23,
                    "MAX_INP_S": 30,
                    "MIN_INP_S": 10,
                    "MAX_TOTAL_S": 100
                },
                "130": {
                    "SUBJECT_NAME": "POLITICAL SCIENCE",
                    "MAX_TH_S": 100,
                    "MIN_TH_S": 33,
                    "MAX_TOTAL_S": 100,
                    "MAX_INP_S": 0,
                    "MIN_INP_S": 0
                },
                "140": {
                    "SUBJECT_NAME": "ECONOMICS",
                    "MAX_TH_S": 100,
                    "MIN_TH_S": 33,
                    "MAX_TOTAL_S": 100,
                    "MAX_INP_S": 0,
                    "MIN_INP_S": 0
                },
                "150": {
                    "SUBJECT_NAME": "MATHEMATICS",
                    "MAX_TH_S": 100,
                    "MIN_TH_S": 33,
                    "MAX_TOTAL_S": 100,
                    "MAX_INP_S": 0,
                    "MIN_INP_S": 0
                },
                "151": {
                    "SUBJECT_NAME": "INFORMATIC PRACTICES",
                    "MAX_TH_S": 70,
                    "MIN_TH_S": 23,
                    "MAX_INP_S": 30,
                    "MIN_INP_S": 10,
                    "MAX_TOTAL_S": 100
                },
                "161": {
                    "SUBJECT_NAME": "INDIAN MUSIC",
                    "MAX_TH_S": 50,
                    "MIN_TH_S": 23,
                    "MAX_INP_S": 50,
                    "MIN_INP_S": 17,
                    "MAX_TOTAL_S": 100
                },
                "162": {
                    "SUBJECT_NAME": "DRAWING & DESIGNING",
                    "MAX_TH_S": 100,
                    "MIN_TH_S": 33,
                    "MAX_TOTAL_S": 100,
                    "MAX_INP_S": 0,
                    "MIN_INP_S": 0
                },
                "163": {
                    "SUBJECT_NAME": "GAYAN VADAN",
                    "MAX_TOTAL_S": "100",
                    "MAX_TH_S": "50",
                    "MIN_TH_S": "17",
                    "MAX_INP_S": "50",
                    "MIN_INP_S": "17"
                },
                "164": {
                    "SUBJECT_NAME": "TABLA PAKHAWWAJ",
                    "MAX_TOTAL_S": "100",
                    "MAX_TH_S": "50",
                    "MIN_TH_S": "17",
                    "MAX_INP_S": "50",
                    "MIN_INP_S": "17"
                },
                "165": {
                    "SUBJECT_NAME": "AGRICULTURE",
                    "MAX_TH_S": 70,
                    "MIN_TH_S": 23,
                    "MAX_INP_S": 30,
                    "MIN_INP_S": 10,
                    "MAX_TOTAL_S": 100
                },
                "166": {
                    "SUBJECT_NAME": "SOCIOLOGY",
                    "MAX_TH_S": 100,
                    "MIN_TH_S": 33,
                    "MAX_TOTAL_S": 100,
                    "MAX_INP_S": 0,
                    "MIN_INP_S": 0
                },
                "167": {
                    "SUBJECT_NAME": "PSYCHOLOGY",
                    "MAX_TH_S": 70,
                    "MIN_TH_S": 23,
                    "MAX_INP_S": 30,
                    "MIN_INP_S": 10,
                    "MAX_TOTAL_S": 100
                },
                "168": {
                    "SUBJECT_NAME": "HSC ANATOMY PHY & HYGN",
                    "MAX_TH_S": 70,
                    "MIN_TH_S": 23,
                    "MAX_INP_S": 30,
                    "MIN_INP_S": 10,
                    "MAX_TOTAL_S": 100
                },
                "210": {
                    "SUBJECT_NAME": "PHYSICS",
                    "MAX_TH_S": 70,
                    "MIN_TH_S": 23,
                    "MAX_INP_S": 30,
                    "MIN_INP_S": 10,
                    "MAX_TOTAL_S": 100
                },
                "220": {
                    "SUBJECT_NAME": "CHEMISTRY",
                    "MAX_TH_S": 70,
                    "MIN_TH_S": 23,
                    "MAX_INP_S": 30,
                    "MIN_INP_S": 10,
                    "MAX_TOTAL_S": 100
                },
                "231": {
                    "SUBJECT_NAME": "BIOLOGY",
                    "MAX_TH_S": 70,
                    "MIN_TH_S": 23,
                    "MAX_INP_S": 30,
                    "MIN_INP_S": 10,
                    "MAX_TOTAL_S": 100
                },
                "310": {
                    "SUBJECT_NAME": "BUSINESS STUDIES",
                    "MAX_TH_S": 100,
                    "MIN_TH_S": 33,
                    "MAX_TOTAL_S": 100,
                    "MAX_INP_S": 0,
                    "MIN_INP_S": 0
                },
                "320": {
                    "SUBJECT_NAME": "BOOK KEEPING & ACCOUNTANCY",
                    "MAX_TH_S": 100,
                    "MIN_TH_S": 33,
                    "MAX_TOTAL_S": 100,
                    "MAX_INP_S": 0,
                    "MIN_INP_S": 0
                },
                "410": {
                    "SUBJECT_NAME": "ELE. OF SCIENCE & MATHS USEFUL FOR AGRICULTURE",
                    "MAX_TH_S": 70,
                    "MIN_TH_S": 23,
                    "MAX_INP_S": 30,
                    "MIN_INP_S": 10,
                    "MAX_TOTAL_S": 100
                },
                "420": {
                    "SUBJECT_NAME": "CROP. PROD. & HORTICULTURE",
                    "MAX_TH_S": 70,
                    "MIN_TH_S": 23,
                    "MAX_INP_S": 30,
                    "MIN_INP_S": 10,
                    "MAX_TOTAL_S": 100
                },
                "430": {
                    "SUBJECT_NAME": "ANIMAL HUS. & POULTRY FARMING",
                    "MAX_TH_S": 70,
                    "MIN_TH_S": 23,
                    "MAX_INP_S": 30,
                    "MIN_INP_S": 10,
                    "MAX_TOTAL_S": 100
                },
                "510": {
                    "SUBJECT_NAME": "DRAWING & PAINTING",
                    "MAX_TH_S": 100,
                    "MIN_TH_S": 33,
                    "MAX_TOTAL_S": 100,
                    "MAX_INP_S": 0,
                    "MIN_INP_S": 0
                },
                "520": {
                    "SUBJECT_NAME": "STILL LIFE & DESIGN",
                    "MAX_TH_S": 100,
                    "MIN_TH_S": 33,
                    "MAX_TOTAL_S": 100,
                    "MAX_INP_S": 0,
                    "MIN_INP_S": 0
                },
                "530": {
                    "SUBJECT_NAME": "HISTORY OF INDIAN ART",
                    "MAX_TH_S": 100,
                    "MIN_TH_S": 33,
                    "MAX_TOTAL_S": 100,
                    "MAX_INP_S": 0,
                    "MIN_INP_S": 0
                },
                "610": {
                    "SUBJECT_NAME": "HOME MANAGEMENT, NUTRITION & TEXTILE",
                    "MAX_TH_S": 70,
                    "MIN_TH_S": 23,
                    "MAX_INP_S": 30,
                    "MIN_INP_S": 10,
                    "MAX_TOTAL_S": 100
                },
                "620": {
                    "SUBJECT_NAME": "ANATOMY PHYSIOLOGY & HEALTH",
                    "MAX_TH_S": 70,
                    "MIN_TH_S": 23,
                    "MAX_INP_S": 30,
                    "MIN_INP_S": 10,
                    "MAX_TOTAL_S": 100
                },
                "631": {
                    "SUBJECT_NAME": "ELEMENTS OF SCIENCE",
                    "MAX_TH_S": 70,
                    "MIN_TH_S": 23,
                    "MAX_INP_S": 30,
                    "MIN_INP_S": 10,
                    "MAX_TOTAL_S": 100
                },
                "820": {
                    "SUBJECT_NAME": "BOOK KEEPING & ACCOUNTANCY",
                    "MAX_TH_S": 100,
                    "MIN_TH_S": 33,
                    "MAX_TOTAL_S": 100,
                    "MAX_INP_S": 0,
                    "MIN_INP_S": 0
                },
                "831": {
                    "SUBJECT_NAME": "BIOLOGY",
                    "MAX_TH_S": 70,
                    "MIN_TH_S": 23,
                    "MAX_INP_S": 30,
                    "MIN_INP_S": 10,
                    "MAX_TOTAL_S": 100
                },
                "832": {
                    "SUBJECT_NAME": "BIOTECHNOLOGY",
                    "MAX_TH_S": 70,
                    "MIN_TH_S": 23,
                    "MAX_INP_S": 30,
                    "MIN_INP_S": 10,
                    "MAX_TOTAL_S": 100
                },
                "833": {
                    "SUBJECT_NAME": "PHYSICAL EDUCATION",
                    "MAX_TH_S": 70,
                    "MIN_TH_S": 23,
                    "MAX_INP_S": 30,
                    "MIN_INP_S": 10,
                    "MAX_TOTAL_S": 100
                },
                "850": {
                    "SUBJECT_NAME": "MATHEMATICS",
                    "MAX_TH_S": 100,
                    "MIN_TH_S": 33,
                    "MAX_TOTAL_S": 100,
                    "MAX_INP_S": 0,
                    "MIN_INP_S": 0
                },
                "851": {
                    "SUBJECT_NAME": "INFORMATIC PRACTICES",
                    "MAX_TH_S": 70,
                    "MIN_TH_S": 23,
                    "MAX_INP_S": 30,
                    "MIN_INP_S": 10,
                    "MAX_TOTAL_S": 100
                },
                "861": {
                    "SUBJECT_NAME": "INDIAN MUSIC",
                    "MAX_TH_S": 50,
                    "MIN_TH_S": 23,
                    "MAX_INP_S": 50,
                    "MIN_INP_S": 17,
                    "MAX_TOTAL_S": 100
                },
                "862": {
                    "SUBJECT_NAME": "DRAWING & DESIGNING",
                    "MAX_TH_S": 100,
                    "MIN_TH_S": 33,
                    "MAX_TOTAL_S": 100,
                    "MAX_INP_S": 0,
                    "MIN_INP_S": 0
                },
                "863": {
                    "SUBJECT_NAME": "GAYAN VADAN",
                    "MAX_TOTAL_S": "100",
                    "MAX_TH_S": "50",
                    "MIN_TH_S": "17",
                    "MAX_INP_S": "50",
                    "MIN_INP_S": "17"
                },
                "864": {
                    "SUBJECT_NAME": "TABLA PAKHAWWAJ",
                    "MAX_TOTAL_S": "100",
                    "MAX_TH_S": "50",
                    "MIN_TH_S": "17",
                    "MAX_INP_S": "50",
                    "MIN_INP_S": "17"
                },
                "965": {
                    "SUBJECT_NAME": "BEAUTY & WELLNESS (L1-2)",
                    "MAX_TH_S": 50,
                    "MIN_TH_S": 17,
                    "MAX_INP_S": 50,
                    "MIN_INP_S": 17,
                    "MAX_TOTAL_S": 100
                },
                "966": {
                    "SUBJECT_NAME": "BANKING & FINANCIAL SERVICES (L1-4)",
                    "MAX_TH_S": 30,
                    "MIN_TH_S": 10,
                    "MAX_INP_S": 70,
                    "MIN_INP_S": 23,
                    "MAX_TOTAL_S": 100
                },
                "968": {
                    "SUBJECT_NAME": "HEALTH CARE (L1-4)",
                    "MAX_TH_S": 30,
                    "MIN_TH_S": 10,
                    "MAX_INP_S": 70,
                    "MIN_INP_S": 23,
                    "MAX_TOTAL_S": 100
                },
                "969": {
                    "SUBJECT_NAME": "PHYSICAL EDUCATION & SPORTS (L1-4)",
                    "MAX_TH_S": 30,
                    "MIN_TH_S": 10,
                    "MAX_INP_S": 70,
                    "MIN_INP_S": 23,
                    "MAX_TOTAL_S": 100
                },
                "970": {
                    "SUBJECT_NAME": "RETAIL (L1-2)",
                    "MAX_TH_S": 50,
                    "MIN_TH_S": 17,
                    "MAX_INP_S": 50,
                    "MIN_INP_S": 17,
                    "MAX_TOTAL_S": 100
                },
                "971": {
                    "SUBJECT_NAME": "TRAVEL & TOURISM (L1-4)",
                    "MAX_TH_S": 30,
                    "MIN_TH_S": 10,
                    "MAX_INP_S": 70,
                    "MIN_INP_S": 23,
                    "MAX_TOTAL_S": 100
                },
                "972": {
                    "SUBJECT_NAME": "HEALTH CARE (L1-2)",
                    "MAX_TOTAL_S": "100",
                    "MAX_TH_S": "50",
                    "MIN_TH_S": "17",
                    "MAX_INP_S": "50",
                    "MIN_INP_S": "17"
                },
                "973": {
                    "SUBJECT_NAME": "AGRICULTURE (L1-2)",
                    "MAX_TOTAL_S": "100",
                    "MAX_TH_S": "50",
                    "MIN_TH_S": "17",
                    "MAX_INP_S": "50",
                    "MIN_INP_S": "17"
                },
                "974": {
                    "SUBJECT_NAME": "PLUMBRING (1.1-2)",
                    "MAX_TOTAL_S": "100",
                    "MAX_TH_S": "50",
                    "MIN_TH_S": "17",
                    "MAX_INP_S": "50",
                    "MIN_INP_S": "17"
                },
                "052": {
                    "SUBJECT_NAME": "ENGLISH",
                    "MAX_TH_S": 100,
                    "MIN_TH_S": 33,
                    "MAX_TOTAL_S": 100,
                    "MAX_INP_S": 0,
                    "MIN_INP_S": 0
                },
                "051": {
                    "SUBJECT_NAME": "HINDI",
                    "MAX_TH_S": 100,
                    "MIN_TH_S": 33,
                    "MAX_TOTAL_S": 100,
                    "MAX_INP_S": 0,
                    "MIN_INP_S": 0
                },
                "054": {
                    "SUBJECT_NAME": "MARATHI",
                    "MAX_TH_S": 100,
                    "MIN_TH_S": 33,
                    "MAX_TOTAL_S": 100,
                    "MAX_INP_S": 0,
                    "MIN_INP_S": 0
                },
                "055": {
                    "SUBJECT_NAME": "URDU",
                    "MAX_TH_S": 100,
                    "MIN_TH_S": 33,
                    "MAX_TOTAL_S": 100,
                    "MAX_INP_S": 0,
                    "MIN_INP_S": 0
                },
                "053": {
                    "SUBJECT_NAME": "SANSKRIT",
                    "MAX_TH_S": 100,
                    "MIN_TH_S": 33,
                    "MAX_TOTAL_S": 100,
                    "MAX_INP_S": 0,
                    "MIN_INP_S": 0
                }
            },
            "regular": {
                "110": {
                    "SUBJECT_NAME": "HISTORY",
                    "MAX_TH_S": 80,
                    "MIN_TH_S": 26,
                    "MAX_INP_S": 20,
                    "MIN_INP_S": 7,
                    "MAX_TOTAL_S": 100
                },
                "120": {
                    "SUBJECT_NAME": "GEOGRAPHY",
                    "MAX_TH_S": 70,
                    "MIN_TH_S": 23,
                    "MAX_INP_S": 30,
                    "MIN_INP_S": 10,
                    "MAX_TOTAL_S": 100
                },
                "130": {
                    "SUBJECT_NAME": "POLITICAL SCIENCE",
                    "MAX_TH_S": 80,
                    "MIN_TH_S": 26,
                    "MAX_INP_S": 20,
                    "MIN_INP_S": 7,
                    "MAX_TOTAL_S": 100
                },
                "140": {
                    "SUBJECT_NAME": "ECONOMICS",
                    "MAX_TH_S": 80,
                    "MIN_TH_S": 26,
                    "MAX_INP_S": 20,
                    "MIN_INP_S": 7,
                    "MAX_TOTAL_S": 100
                },
                "150": {
                    "SUBJECT_NAME": "MATHEMATICS",
                    "MAX_TH_S": 80,
                    "MIN_TH_S": 26,
                    "MAX_INP_S": 20,
                    "MIN_INP_S": 7,
                    "MAX_TOTAL_S": 100
                },
                "151": {
                    "SUBJECT_NAME": "INFORMATIC PRACTICES",
                    "MAX_TH_S": 70,
                    "MIN_TH_S": 23,
                    "MAX_INP_S": 30,
                    "MIN_INP_S": 10,
                    "MAX_TOTAL_S": 100
                },
                "161": {
                    "SUBJECT_NAME": "INDIAN MUSIC",
                    "MAX_TH_S": 50,
                    "MIN_TH_S": 23,
                    "MAX_INP_S": 50,
                    "MIN_INP_S": 17,
                    "MAX_TOTAL_S": 100
                },
                "162": {
                    "SUBJECT_NAME": "DRAWING & DESIGNING",
                    "MAX_TH_S": 100,
                    "MIN_TH_S": 33,
                    "MAX_TOTAL_S": 100,
                    "MAX_INP_S": 0,
                    "MIN_INP_S": 0
                },
                "163": {
                    "SUBJECT_NAME": "GAYAN VADAN",
                    "MAX_TOTAL_S": "100",
                    "MAX_TH_S": "50",
                    "MIN_TH_S": "17",
                    "MAX_INP_S": "50",
                    "MIN_INP_S": "17"
                },
                "164": {
                    "SUBJECT_NAME": "TABLA PAKHAWWAJ",
                    "MAX_TOTAL_S": "100",
                    "MAX_TH_S": "50",
                    "MIN_TH_S": "17",
                    "MAX_INP_S": "50",
                    "MIN_INP_S": "17"
                },
                "165": {
                    "SUBJECT_NAME": "AGRICULTURE",
                    "MAX_TH_S": 70,
                    "MIN_TH_S": 23,
                    "MAX_INP_S": 30,
                    "MIN_INP_S": 10,
                    "MAX_TOTAL_S": 100
                },
                "166": {
                    "SUBJECT_NAME": "SOCIOLOGY",
                    "MAX_TH_S": 80,
                    "MIN_TH_S": 26,
                    "MAX_INP_S": 20,
                    "MIN_INP_S": 7,
                    "MAX_TOTAL_S": 100
                },
                "167": {
                    "SUBJECT_NAME": "PSYCHOLOGY",
                    "MAX_TH_S": 70,
                    "MIN_TH_S": 23,
                    "MAX_INP_S": 30,
                    "MIN_INP_S": 10,
                    "MAX_TOTAL_S": 100
                },
                "168": {
                    "SUBJECT_NAME": "HSC ANATOMY PHY & HYGN",
                    "MAX_TH_S": 70,
                    "MIN_TH_S": 23,
                    "MAX_INP_S": 30,
                    "MIN_INP_S": 10,
                    "MAX_TOTAL_S": 100
                },
                "210": {
                    "SUBJECT_NAME": "PHYSICS",
                    "MAX_TH_S": 70,
                    "MIN_TH_S": 23,
                    "MAX_INP_S": 30,
                    "MIN_INP_S": 10,
                    "MAX_TOTAL_S": 100
                },
                "220": {
                    "SUBJECT_NAME": "CHEMISTRY",
                    "MAX_TH_S": 70,
                    "MIN_TH_S": 23,
                    "MAX_INP_S": 30,
                    "MIN_INP_S": 10,
                    "MAX_TOTAL_S": 100
                },
                "231": {
                    "SUBJECT_NAME": "BIOLOGY",
                    "MAX_TH_S": 70,
                    "MIN_TH_S": 23,
                    "MAX_INP_S": 30,
                    "MIN_INP_S": 10,
                    "MAX_TOTAL_S": 100
                },
                "310": {
                    "SUBJECT_NAME": "BUSINESS STUDIES",
                    "MAX_TH_S": 80,
                    "MIN_TH_S": 26,
                    "MAX_INP_S": 20,
                    "MIN_INP_S": 7,
                    "MAX_TOTAL_S": 100
                },
                "320": {
                    "SUBJECT_NAME": "BOOK KEEPING & ACCOUNTANCY",
                    "MAX_TH_S": 80,
                    "MIN_TH_S": 26,
                    "MAX_INP_S": 20,
                    "MIN_INP_S": 7,
                    "MAX_TOTAL_S": 100
                },
                "410": {
                    "SUBJECT_NAME": "ELE. OF SCIENCE & MATHS USEFUL FOR AGRICULTURE",
                    "MAX_TH_S": 70,
                    "MIN_TH_S": 23,
                    "MAX_INP_S": 30,
                    "MIN_INP_S": 10,
                    "MAX_TOTAL_S": 100
                },
                "420": {
                    "SUBJECT_NAME": "CROP. PROD. & HORTICULTURE",
                    "MAX_TH_S": 70,
                    "MIN_TH_S": 23,
                    "MAX_INP_S": 30,
                    "MIN_INP_S": 10,
                    "MAX_TOTAL_S": 100
                },
                "430": {
                    "SUBJECT_NAME": "ANIMAL HUS. & POULTRY FARMING",
                    "MAX_TH_S": 70,
                    "MIN_TH_S": 23,
                    "MAX_INP_S": 30,
                    "MIN_INP_S": 10,
                    "MAX_TOTAL_S": 100
                },
                "510": {
                    "SUBJECT_NAME": "DRAWING & PAINTING",
                    "MAX_TH_S": 100,
                    "MIN_TH_S": 33,
                    "MAX_TOTAL_S": 100,
                    "MAX_INP_S": 0,
                    "MIN_INP_S": 0
                },
                "520": {
                    "SUBJECT_NAME": "STILL LIFE & DESIGN",
                    "MAX_TH_S": 100,
                    "MIN_TH_S": 33,
                    "MAX_TOTAL_S": 100,
                    "MAX_INP_S": 0,
                    "MIN_INP_S": 0
                },
                "530": {
                    "SUBJECT_NAME": "HISTORY OF INDIAN ART",
                    "MAX_TH_S": 80,
                    "MIN_TH_S": 26,
                    "MAX_INP_S": 20,
                    "MIN_INP_S": 7,
                    "MAX_TOTAL_S": 100
                },
                "610": {
                    "SUBJECT_NAME": "HOME MANAGEMENT, NUTRITION & TEXTILE",
                    "MAX_TH_S": 70,
                    "MIN_TH_S": 23,
                    "MAX_INP_S": 30,
                    "MIN_INP_S": 10,
                    "MAX_TOTAL_S": 100
                },
                "620": {
                    "SUBJECT_NAME": "ANATOMY PHYSIOLOGY & HEALTH",
                    "MAX_TH_S": 70,
                    "MIN_TH_S": 23,
                    "MAX_INP_S": 30,
                    "MIN_INP_S": 10,
                    "MAX_TOTAL_S": 100
                },
                "631": {
                    "SUBJECT_NAME": "ELEMENTS OF SCIENCE",
                    "MAX_TH_S": 70,
                    "MIN_TH_S": 23,
                    "MAX_INP_S": 30,
                    "MIN_INP_S": 10,
                    "MAX_TOTAL_S": 100
                },
                "820": {
                    "SUBJECT_NAME": "BOOK KEEPING & ACCOUNTANCY",
                    "MAX_TH_S": 80,
                    "MIN_TH_S": 26,
                    "MAX_INP_S": 20,
                    "MIN_INP_S": 7,
                    "MAX_TOTAL_S": 100
                },
                "831": {
                    "SUBJECT_NAME": "BIOLOGY",
                    "MAX_TH_S": 70,
                    "MIN_TH_S": 23,
                    "MAX_INP_S": 30,
                    "MIN_INP_S": 10,
                    "MAX_TOTAL_S": 100
                },
                "832": {
                    "SUBJECT_NAME": "BIOTECHNOLOGY",
                    "MAX_TH_S": 70,
                    "MIN_TH_S": 23,
                    "MAX_INP_S": 30,
                    "MIN_INP_S": 10,
                    "MAX_TOTAL_S": 100
                },
                "833": {
                    "SUBJECT_NAME": "PHYSICAL EDUCATION",
                    "MAX_TH_S": 70,
                    "MIN_TH_S": 23,
                    "MAX_INP_S": 30,
                    "MIN_INP_S": 10,
                    "MAX_TOTAL_S": 100
                },
                "850": {
                    "SUBJECT_NAME": "MATHEMATICS",
                    "MAX_TH_S": 80,
                    "MIN_TH_S": 26,
                    "MAX_INP_S": 20,
                    "MIN_INP_S": 7,
                    "MAX_TOTAL_S": 100
                },
                "851": {
                    "SUBJECT_NAME": "INFORMATIC PRACTICES",
                    "MAX_TH_S": 70,
                    "MIN_TH_S": 23,
                    "MAX_INP_S": 30,
                    "MIN_INP_S": 10,
                    "MAX_TOTAL_S": 100
                },
                "861": {
                    "SUBJECT_NAME": "INDIAN MUSIC",
                    "MAX_TH_S": 50,
                    "MIN_TH_S": 23,
                    "MAX_INP_S": 50,
                    "MIN_INP_S": 17,
                    "MAX_TOTAL_S": 100
                },
                "862": {
                    "SUBJECT_NAME": "DRAWING & DESIGNING",
                    "MAX_TH_S": 100,
                    "MIN_TH_S": 33,
                    "MAX_TOTAL_S": 100,
                    "MAX_INP_S": 0,
                    "MIN_INP_S": 0
                },
                "863": {
                    "SUBJECT_NAME": "GAYAN VADAN",
                    "MAX_TOTAL_S": "100",
                    "MAX_TH_S": "50",
                    "MIN_TH_S": "17",
                    "MAX_INP_S": "50",
                    "MIN_INP_S": "17"
                },
                "864": {
                    "SUBJECT_NAME": "TABLA PAKHAWWAJ",
                    "MAX_TOTAL_S": "100",
                    "MAX_TH_S": "50",
                    "MIN_TH_S": "17",
                    "MAX_INP_S": "50",
                    "MIN_INP_S": "17"
                },
                "965": {
                    "SUBJECT_NAME": "BEAUTY & WELLNESS (L1-2)",
                    "MAX_TH_S": 50,
                    "MIN_TH_S": 17,
                    "MAX_INP_S": 50,
                    "MIN_INP_S": 17,
                    "MAX_TOTAL_S": 100
                },
                "966": {
                    "SUBJECT_NAME": "BANKING & FINANCIAL SERVICES (L1-4)",
                    "MAX_TH_S": 30,
                    "MIN_TH_S": 10,
                    "MAX_INP_S": 70,
                    "MIN_INP_S": 23,
                    "MAX_TOTAL_S": 100
                },
                "968": {
                    "SUBJECT_NAME": "HEALTH CARE (L1-4)",
                    "MAX_TH_S": 30,
                    "MIN_TH_S": 10,
                    "MAX_INP_S": 70,
                    "MIN_INP_S": 23,
                    "MAX_TOTAL_S": 100
                },
                "969": {
                    "SUBJECT_NAME": "PHYSICAL EDUCATION & SPORTS (L1-4)",
                    "MAX_TH_S": 30,
                    "MIN_TH_S": 10,
                    "MAX_INP_S": 70,
                    "MIN_INP_S": 23,
                    "MAX_TOTAL_S": 100
                },
                "970": {
                    "SUBJECT_NAME": "RETAIL (L1-2)",
                    "MAX_TH_S": 50,
                    "MIN_TH_S": 17,
                    "MAX_INP_S": 50,
                    "MIN_INP_S": 17,
                    "MAX_TOTAL_S": 100
                },
                "971": {
                    "SUBJECT_NAME": "TRAVEL & TOURISM (L1-4)",
                    "MAX_TH_S": 30,
                    "MIN_TH_S": 10,
                    "MAX_INP_S": 70,
                    "MIN_INP_S": 23,
                    "MAX_TOTAL_S": 100
                },
                "972": {
                    "SUBJECT_NAME": "HEALTH CARE (L1-2)",
                    "MAX_TOTAL_S": "100",
                    "MAX_TH_S": "50",
                    "MIN_TH_S": "17",
                    "MAX_INP_S": "50",
                    "MIN_INP_S": "17"
                },
                "973": {
                    "SUBJECT_NAME": "AGRICULTURE (L1-2)",
                    "MAX_TOTAL_S": "100",
                    "MAX_TH_S": "50",
                    "MIN_TH_S": "17",
                    "MAX_INP_S": "50",
                    "MIN_INP_S": "17"
                },
                "974": {
                    "SUBJECT_NAME": "PLUMBRING (1.1-2)",
                    "MAX_TOTAL_S": "100",
                    "MAX_TH_S": "50",
                    "MIN_TH_S": "17",
                    "MAX_INP_S": "50",
                    "MIN_INP_S": "17"
                },
                "052": {
                    "SUBJECT_NAME": "ENGLISH",
                    "MAX_TH_S": 80,
                    "MIN_TH_S": 26,
                    "MAX_INP_S": 20,
                    "MIN_INP_S": 7,
                    "MAX_TOTAL_S": 100
                },
                "051": {
                    "SUBJECT_NAME": "HINDI",
                    "MAX_TH_S": 80,
                    "MIN_TH_S": 26,
                    "MAX_INP_S": 20,
                    "MIN_INP_S": 7,
                    "MAX_TOTAL_S": 100
                },
                "054": {
                    "SUBJECT_NAME": "MARATHI",
                    "MAX_TH_S": 80,
                    "MIN_TH_S": 26,
                    "MAX_INP_S": 20,
                    "MIN_INP_S": 7,
                    "MAX_TOTAL_S": 100
                },
                "055": {
                    "SUBJECT_NAME": "URDU",
                    "MAX_TH_S": 80,
                    "MIN_TH_S": 26,
                    "MAX_INP_S": 20,
                    "MIN_INP_S": 7,
                    "MAX_TOTAL_S": 100
                },
                "053": {
                    "SUBJECT_NAME": "SANSKRIT",
                    "MAX_TH_S": 80,
                    "MIN_TH_S": 26,
                    "MAX_INP_S": 20,
                    "MIN_INP_S": 7,
                    "MAX_TOTAL_S": 100
                }
            }
        }
    }
}
